Channel Name,Total Videos
Smith-Ross Labs,68
Sandoval PLC Hub,128
"Jones, Moore and Ho Network",282
Mitchell-Hooper Labs,302
Wilson LLC Studios,129
Myers Ltd Network,98
Huber Inc Network,494
Baxter-Collins Studios,133
Morrow-Abbott Hub,316
Jackson Group Network,140
Austin-Bowen Studios,52
Walton Ltd Network,149
Singh LLC Hub,53
Martinez Ltd Labs,299
"Wade, Price and Byrd Labs",383
Jones-Wood Hub,79
Contreras Inc Network,373
Hill-Martinez Network,59
Jones Group Studios,500
"Adams, Velazquez and Jackson Hub",332
Gill-Nelson Studios,133
"Knapp, Frazier and Zimmerman Network",228
"Jackson, Lambert and Harmon Network",445
"Ford, Ponce and Navarro Network",477
Rodriguez and Sons Labs,405
Perez-Acevedo Hub,423
Harrell-Joseph Labs,279
Campbell-Lopez Network,428
Silva and Sons Network,269
Gilmore-Garcia Labs,160
Ryan-Ochoa Hub,302
Stokes-Flores Network,484
"Esparza, Ferguson and Moody Network",420
"Blake, Woods and Murphy Network",148
"Gonzalez, Salazar and Harris Studios",460
"Wright, Morgan and Baker Hub",271
"Randolph, Blankenship and Giles Studios",51
Bailey-Anderson Labs,208
"Mendoza, Brooks and Richardson Labs",398
Phillips-Robinson Labs,115
"Shepard, Ponce and Doyle Studios",343
Henderson-Banks Network,97
Sparks LLC Labs,153
Johnson Inc Network,406
"Crane, Hayes and Smith Hub",260
"Campbell, Mckay and Clark Hub",346
"Williams, Bauer and Johnson Studios",133
Dominguez-Nichols Hub,241
Chan Inc Network,150
Jimenez-Mitchell Labs,56
"Cooper, Rhodes and Stone Network",114
Rich and Sons Hub,73
Adkins-Ferrell Studios,246
Daniel and Sons Studios,476
"Garcia, Mullen and Moody Studios",487
Campbell Ltd Network,327
Taylor-Miller Hub,469
Callahan-Howell Hub,78
Lang-Weaver Labs,468
"Williams, Velez and Wheeler Network",405
Burgess Ltd Labs,269
Sanders-Wood Hub,124
Bowen and Sons Network,107
Cowan PLC Labs,356
Byrd-Jordan Studios,412
Fuentes-Schmitt Hub,69
Moore PLC Hub,96
Coleman-Knight Hub,205
"Rios, Daniels and Howard Labs",161
Parks-Hogan Labs,399
Valencia Group Network,255
"Bradley, Hurst and Bailey Hub",235
Wilson-Lopez Hub,172
Flores-Johnson Labs,416
"Nguyen, Brown and Vargas Hub",123
Hanna and Sons Studios,265
Carrillo and Sons Studios,377
Velazquez-Wong Network,497
Ryan-Campbell Network,228
Evans-James Labs,388
Goodman-Levy Hub,405
Farrell PLC Hub,210
Gallegos-Perkins Network,463
"Cuevas, Ross and Sanders Labs",256
Smith and Sons Network,215
Holland Group Hub,163
Powell PLC Hub,190
Clements LLC Network,280
Valenzuela and Sons Studios,492
"Day, White and Miller Labs",340
"Kelly, Jordan and Sanders Hub",189
"James, Anderson and Zavala Labs",101
Chandler-Mcdaniel Studios,290
"Johnson, Clay and Manning Hub",120
Henderson and Sons Studios,53
"Miller, Anderson and Duran Hub",138
Brown LLC Labs,467
Whitney LLC Studios,145
Whitney PLC Hub,105
Patrick-Sawyer Labs,456
Gutierrez-Price Labs,258
Peters-Scott Hub,59
Garcia-Williams Hub,442
Dixon PLC Network,136
Richardson Ltd Labs,252
Collier-Rollins Hub,258
Ramos-Lewis Hub,402
Gamble-James Labs,247
Hudson-Jackson Network,273
Mcconnell-Scott Studios,198
"Singleton, Lane and Thomas Labs",158
"Hall, Haynes and Bates Studios",150
Randall-Brewer Labs,116
Simmons and Sons Labs,273
"Crosby, Jensen and Stanley Hub",161
Bailey Ltd Labs,391
Carpenter-Scott Labs,191
Martin Inc Hub,482
Mcdonald Inc Studios,308
Snyder PLC Hub,426
"Williams, Lara and Rivera Network",190
Morrison LLC Labs,124
King Ltd Hub,247
King and Sons Network,366
"Wilkins, Rosales and Cunningham Labs",345
"Carter, Martin and Green Hub",390
Price-Olsen Network,467
Heath-Davis Hub,140
"Craig, Patrick and Combs Network",338
"Lewis, Neal and Fox Labs",287
Mora-Stewart Hub,91
Brown Group Studios,386
"Mcmillan, Thompson and Andersen Labs",458
Rice-Salazar Studios,330
Kelly-Wagner Labs,160
Mann-Chung Labs,469
Jones Ltd Hub,424
Morgan-Robles Hub,496
Lee PLC Network,432
Coleman Group Labs,356
Marks and Sons Hub,89
Hammond Inc Network,309
"Downs, Mason and Walsh Network",152
Mathews LLC Hub,414
"Fleming, Ford and Vasquez Studios",485
Martinez-Hendrix Studios,304
"Nunez, Thomas and Reed Network",66
Robinson-Gonzalez Hub,318
Cox Ltd Studios,99
"Garcia, Cox and Willis Hub",183
Mclaughlin LLC Labs,230
"Graves, Lee and Morse Network",308
Wright and Sons Studios,185
Graham-Lopez Hub,127
Jackson-Ford Network,414
"Ryan, Thompson and Mcknight Hub",154
Berg-Adams Hub,233
Smith and Sons Studios,191
Wood LLC Hub,190
"Marshall, Ramirez and Reynolds Labs",405
"Young, Ray and Foster Studios",57
Phillips-Barker Labs,66
"Cox, Scott and Hines Hub",158
Fuentes Inc Hub,328
"Jensen, Flores and Anderson Labs",451
Patterson LLC Network,287
Walters and Sons Hub,346
"Scott, Ross and Moreno Network",152
King LLC Studios,313
Stark-Price Hub,276
"Moon, Nguyen and Sherman Hub",253
Williams-Wilson Studios,65
"Pratt, Mendoza and Brown Studios",268
Walker-Solis Studios,392
"Walker, Oliver and Wang Hub",416
Riddle-Marquez Hub,308
Craig PLC Network,287
Ford-Thomas Hub,485
"Burns, Cunningham and Hoover Studios",174
Graham Group Studios,131
Johnson-Garner Network,80
Morris-Juarez Labs,111
Lopez Group Labs,136
"Gray, Fox and Booth Network",421
Warren PLC Studios,93
Haynes LLC Studios,126
"Thompson, Farrell and Watson Labs",480
Smith Ltd Labs,475
"Brooks, Romero and Barker Network",492
Roberts-Haas Labs,117
"Bowman, Santiago and Pope Hub",429
"Fitzgerald, Cardenas and Jimenez Studios",487
Cole-Green Network,339
"Munoz, Torres and Reyes Labs",158
Garcia-Martin Network,464
Estrada and Sons Hub,306
Roth-Weiss Hub,93
"Miles, Phillips and Pierce Network",218
"Torres, Oneal and Stewart Network",375
Cook and Sons Network,93
"Griffin, Sanford and Jackson Labs",302
"Brown, Garcia and Murphy Studios",115
"Moore, Burns and Payne Labs",210
Perkins Inc Network,94
Parker PLC Hub,135
"Stewart, Hunt and Mora Hub",176
"Lewis, Sloan and West Network",372
Frazier Group Hub,272
Wilson-Frank Labs,443
"Adkins, Grimes and Dunn Labs",426
Jenkins and Sons Network,95
Watkins-Nelson Hub,351
Rose-Gibbs Studios,159
Taylor Ltd Network,285
Brennan-Price Labs,378
Garcia PLC Network,441
Cox-Martin Labs,259
Peterson and Sons Labs,223
"Morales, Williams and Smith Network",325
Fletcher-West Hub,399
"Harris, Harrison and Wagner Studios",469
Jones-Conway Studios,467
"Quinn, Schultz and Pugh Network",443
Wheeler-Rodriguez Hub,142
Bradford-Cooper Hub,337
Williams PLC Hub,388
Howell-Hansen Network,93
Wolfe Inc Labs,174
Lopez Inc Network,441
"Norton, Perez and Clay Hub",430
"Garcia, Cunningham and Sandoval Hub",234
"Cameron, Scott and Kelly Network",489
"Davis, Calderon and Morgan Labs",500
Burgess-Taylor Network,367
Tucker and Sons Labs,365
Bridges and Sons Network,56
Blanchard-Howe Hub,129
David-Johnson Studios,173
"Nolan, Brown and Matthews Network",60
Reed-Warren Studios,92
Kelly LLC Labs,60
"Cunningham, Jones and Campbell Studios",202
"Green, Buchanan and Stevens Studios",341
Dean-Phillips Hub,378
"Maynard, Watson and Sanders Studios",282
"Mejia, Shaw and Cook Network",197
"Rogers, Russell and Johnson Labs",182
Campos and Sons Labs,217
Harper-Jackson Network,63
Shelton-Vega Hub,309
Wright LLC Network,379
"Stein, Fletcher and Morris Studios",253
"Ruiz, Bailey and Robertson Labs",134
Jones PLC Labs,439
Young Inc Studios,122
Lee and Sons Hub,154
Gonzalez-Clark Hub,323
Hurst and Sons Hub,472
Thomas Group Studios,368
Marshall-Santana Hub,362
"Tucker, Mcneil and Weeks Network",373
Caldwell-Sparks Network,297
Huber-Ryan Labs,165
"Pena, Gilmore and Martin Labs",58
Garcia-Wright Labs,189
"Fisher, Nelson and Jackson Hub",403
Walker-Davis Network,461
Callahan LLC Studios,137
Johnson Ltd Hub,105
Williams Ltd Studios,388
Hoffman PLC Studios,71
"Acevedo, House and Arnold Network",376
Merritt Inc Hub,358
Morris-Chapman Labs,339
"Marks, Murphy and Morris Studios",207
Keith Inc Network,350
Tran-Coleman Labs,436
"Dougherty, Bailey and Price Studios",186
"Adams, Ellis and Hernandez Network",96
Simon-Wall Hub,435
"Stewart, Armstrong and Russell Studios",89
Johnston Ltd Network,175
"White, Wright and Park Studios",427
"Sanchez, Marquez and Stuart Hub",349
Hess and Sons Hub,352
Reese Group Labs,55
"Manning, Castillo and Jimenez Labs",470
"Brown, Powell and Maddox Labs",109
Rollins PLC Labs,190
"Allen, Harris and Cook Studios",236
Moyer-Sullivan Studios,281
Butler and Sons Network,85
Huff-Bond Labs,469
Brown and Sons Studios,77
Forbes-Burch Labs,421
Villanueva and Sons Labs,197
Anderson Ltd Labs,130
"Rodriguez, Stout and Short Hub",259
Cooper Inc Studios,129
Garcia-Gibbs Hub,345
Harris-Pierce Labs,168
Mcdonald-Burton Studios,101
"Heath, Miller and Marshall Network",334
"Lewis, Thompson and Schneider Network",227
Conley LLC Studios,145
Glover Inc Studios,170
"Walker, Hodges and Jones Network",100
"Garcia, Vasquez and Zavala Hub",453
"Buchanan, Stewart and Garcia Studios",148
Lee and Sons Network,475
Schwartz-Sullivan Studios,483
"Flowers, Smith and Allen Hub",334
"Lindsey, Hunter and Landry Labs",108
Frank-King Labs,473
Villarreal LLC Labs,420
"Scott, Cole and Fisher Labs",349
Smith Inc Hub,210
Acevedo PLC Hub,127
"Collins, Avery and Miles Network",395
Nichols PLC Studios,97
Nguyen Inc Network,426
Cochran-Woods Studios,340
Jones-Williams Network,482
Fletcher-Garcia Hub,442
"Sanders, Young and Meyer Hub",116
Green LLC Labs,97
"Hartman, Cole and Brown Network",388
White-Edwards Labs,451
Smith Ltd Studios,459
Lopez Group Labs,281
Gordon-Barnes Labs,97
Williams Ltd Network,310
"Hughes, Dean and Warren Network",311
Gonzalez and Sons Studios,243
"Graves, Thomas and Rivera Studios",374
Smith-Schneider Labs,60
Warner-Lee Hub,266
Pace-Calderon Hub,396
"Montgomery, Hancock and Lee Labs",227
Smith Ltd Hub,255
Gordon and Sons Labs,328
"Harris, Sanchez and Hamilton Hub",315
Buckley-Ward Network,129
Carpenter-Howard Studios,306
Gonzalez-Myers Labs,251
"Hanna, White and Russell Hub",147
Carlson-Hill Network,349
"Lane, Doyle and King Hub",135
Patel-Martinez Studios,411
Clay and Sons Studios,238
Bautista PLC Network,146
Cohen Group Network,455
"Anderson, Oliver and Williams Hub",449
Montoya Inc Network,233
Cantu Group Studios,362
Fisher-King Labs,357
Wilson-Myers Network,167
"Woods, Vincent and Anderson Hub",365
Garcia PLC Network,467
Alvarez Ltd Studios,203
Lopez Ltd Hub,273
Gibbs-Hill Labs,66
"Brown, Jones and Hines Labs",52
"Jenkins, Johnson and Hopkins Hub",111
"Murphy, Garza and Cortez Network",70
"Camacho, Bell and Pena Hub",311
"Duncan, Campbell and Freeman Studios",56
"Munoz, Brown and Mitchell Labs",417
"Nguyen, Porter and Harris Hub",119
Sandoval-Underwood Network,465
Duarte Ltd Labs,341
Manning-Dudley Hub,96
Garcia-Garcia Studios,449
Rivera PLC Labs,256
"Walsh, Lopez and Wells Studios",85
"Novak, Mendez and Smith Studios",355
Carroll LLC Network,343
"Jones, Brown and Allen Hub",278
Gordon PLC Hub,469
Thompson-Alvarez Network,400
"Brown, Lopez and Gonzalez Labs",451
Baker Inc Studios,413
"Ford, Jones and Ramirez Hub",223
"Wood, Anderson and Haynes Studios",230
Collins-Snow Labs,446
Jones-Phillips Labs,494
"Cantrell, Wiley and Wang Labs",274
Pierce-Barnes Hub,74
Hunt Ltd Hub,70
"Branch, Anderson and Moore Network",179
"Benson, Alvarado and Abbott Studios",354
Irwin-Ryan Hub,378
"Morris, Howard and Reed Hub",500
Daugherty-Mosley Hub,141
Bowman PLC Network,427
"Pearson, Wilson and Eaton Studios",423
Shepherd-Nash Labs,79
Contreras Group Studios,207
"Castillo, Kim and Brandt Hub",442
Yates-Reid Network,230
Rice Group Studios,441
Booth-Hamilton Labs,179
"Meyer, Hall and Armstrong Network",102
Lee PLC Studios,395
Knight-Washington Labs,370
Cline-Burton Network,74
"Gallagher, Cisneros and Shaw Labs",479
Ward-Phillips Labs,318
"Howard, Henderson and Nelson Network",404
Payne-Porter Studios,170
Oconnor Ltd Studios,198
Shepherd LLC Hub,152
"Thomas, Norris and Mahoney Studios",334
Mooney-Burns Labs,160
"Lloyd, Vincent and Ali Hub",422
"Garcia, Garcia and Hall Labs",155
Bell Ltd Network,485
"Olsen, Baker and Trevino Studios",73
Mcmillan Group Network,150
Lawrence-Hopkins Hub,233
Adams Group Network,448
Pierce-Fields Labs,439
Campbell Inc Labs,481
Pratt-Simmons Studios,380
Reyes-Calderon Labs,235
Myers PLC Studios,430
Long-Gordon Labs,420
Hoover Inc Labs,185
"Merritt, Oliver and Bates Network",111
Graves-Mason Labs,188
"Cannon, Salazar and Santana Network",167
"Ford, Andrade and Gomez Studios",292
Lee PLC Labs,145
"Prince, Allen and Holt Hub",379
Roberson Group Studios,235
Robertson-Mann Network,301
Strong-Scott Network,463
Thomas LLC Network,85
"Stafford, Melendez and Vaughn Hub",417
Mack Group Studios,187
Sanchez LLC Hub,400
Hunter-Young Labs,64
Baxter-Bennett Labs,62
Hendricks Group Network,327
Butler Inc Labs,74
Hernandez Inc Studios,266
Rivera-Wall Labs,215
Thompson-Rogers Hub,279
Francis Group Labs,461
Mendoza-Mack Labs,175
Fisher LLC Hub,392
Ayers-Snow Hub,64
Wilson LLC Studios,133
Henson-Brown Labs,54
Young-Townsend Hub,128
"Marshall, Cunningham and Brown Studios",471
"Whitney, Jenkins and Neal Studios",286
Martinez and Sons Hub,103
Mack Group Studios,127
Ramirez-Love Network,64
Lewis-Bridges Studios,185
Kelly PLC Labs,371
"Baker, Davis and Hawkins Hub",390
"Bird, Young and Bowman Labs",442
Soto-Stokes Network,252
Acosta Group Hub,371
Maxwell-Larson Labs,93
"Murray, Garrison and Washington Network",257
Clarke PLC Labs,96
"Jimenez, Moreno and Hull Network",305
Alexander and Sons Studios,183
Simmons and Sons Labs,227
"Myers, Brewer and Jones Labs",484
Madden Inc Labs,84
Wilson PLC Labs,216
"Mercer, Carter and Snyder Labs",326
Murray Inc Network,255
Walker-Frazier Network,122
Zamora and Sons Hub,270
Fields-Robinson Labs,488
"Dominguez, Hoffman and Nguyen Network",494
"Parker, Nunez and Ramirez Labs",219
Maldonado-Gilbert Studios,256
Dunlap and Sons Studios,194
Franklin-Miller Labs,162
"Green, Johnson and Clark Studios",116
Galvan LLC Labs,402
Daniels Group Hub,228
Watts LLC Studios,468
Morgan Group Studios,75
"Ford, Sanchez and Hill Hub",281
"Brown, Fernandez and Williams Network",105
"Suarez, Martinez and Miller Network",500
"Potts, Duncan and Greene Network",293
"Schmidt, Walters and Alexander Hub",236
Swanson LLC Hub,235
"Thompson, Elliott and Ramirez Studios",59
Rivera PLC Studios,289
Romero-Cunningham Studios,416
"Adams, Padilla and Lawrence Studios",302
Thompson-Fitzpatrick Network,50
"Valentine, Casey and Brown Hub",143
"Keller, Cortez and Mendoza Labs",454
Smith-Thomas Hub,78
"Martin, Dorsey and Wright Labs",474
Morris-Webb Network,274
Lucas-Baird Hub,204
Gonzalez-Whitney Hub,325
Blackwell Group Hub,391
Scott-Burton Network,476
"Young, Morris and Moon Network",154
Salazar-Mendoza Hub,108
Stephens Group Labs,370
Clark-Ford Network,84
"Thompson, Moss and Barnes Hub",214
Ward Ltd Labs,454
Torres Group Hub,50
Stewart-Mills Network,58
Mitchell-Walker Hub,200
"Fisher, Castro and Gonzalez Labs",60
Foster-Brown Network,410
"Jacobs, Love and Mcgrath Network",432
Huffman-Hodges Labs,375
"Hughes, Stevens and Davidson Hub",155
"Parker, Gonzales and Ross Labs",221
Brown Inc Studios,426
"Carney, Hampton and Mcgrath Network",125
"Wright, Johnson and Jones Network",346
Mendoza Group Hub,64
Golden-Brennan Labs,54
Green Inc Studios,340
Simmons-Jones Studios,113
Maxwell Ltd Labs,138
"Hunt, Delacruz and Bailey Network",54
"Flores, Smith and Haas Studios",115
"Johnson, Snyder and Robertson Studios",352
Meadows-Whitaker Studios,275
Jones-Gray Hub,411
Morgan Inc Hub,262
Aguilar Group Network,105
Frank-Rivera Studios,337
Gray-Peterson Network,116
"Henderson, Bolton and Jones Labs",128
Webb-Stevens Network,371
"Brown, Harper and Brandt Network",387
Hooper Group Labs,274
"Swanson, Johnson and Aguirre Labs",423
"Ortega, Adams and Bautista Labs",402
Davis-Morales Hub,395
Buchanan Ltd Network,345
"Wilson, Hayes and Quinn Labs",61
"Gibson, Rogers and Thomas Studios",190
Chen and Sons Labs,112
"Calderon, Parker and Oliver Network",466
Wells Ltd Hub,131
"White, Cohen and Kelly Studios",372
Tate Ltd Studios,123
Copeland Ltd Studios,196
Cline-Cameron Labs,340
Rose LLC Hub,215
Gregory-Ross Studios,219
Shelton-King Labs,102
Thomas Inc Hub,202
"Schmidt, Johnson and Dominguez Studios",50
Simmons LLC Labs,331
Clark Group Labs,216
Fernandez-Johnson Labs,74
"Peters, Sutton and Martinez Network",130
Stephens PLC Network,174
Sloan-Cox Network,225
Rodriguez LLC Hub,245
Conley-Gregory Labs,183
Lewis Group Studios,456
"Wagner, Miller and Franco Labs",448
Holmes Ltd Hub,480
"Williams, Garcia and Turner Hub",282
Butler-Williamson Hub,147
Henderson-Frazier Hub,489
Parker-Rodriguez Studios,456
"Thomas, Baker and Davis Labs",226
Stephenson-Hanson Network,283
Johnson LLC Network,413
Tucker Group Network,294
Cruz LLC Labs,483
Smith LLC Studios,419
Arnold Inc Studios,351
"Scott, Richardson and Weaver Labs",207
Jacobs LLC Hub,117
"Washington, Skinner and Drake Labs",427
"Guzman, Caldwell and Lin Network",387
"Carpenter, Schultz and West Hub",362
"Miles, Collins and Woodard Studios",499
"Green, Burns and Velasquez Hub",481
"Kaiser, Navarro and Kerr Hub",491
Scott LLC Network,366
Brown Inc Network,134
Walker PLC Hub,246
Medina Group Labs,174
Johnson-Butler Network,429
Garcia-Rogers Hub,50
Medina Inc Studios,158
Young-Martinez Studios,399
Lewis-Myers Labs,345
West-Shelton Network,347
Wood-Cole Studios,323
Ayala-Brown Hub,233
"Pearson, Mckinney and King Hub",88
Mercer PLC Hub,284
"Smith, Young and Woodward Labs",172
Morris-Young Network,51
"Washington, Brown and Lee Labs",443
"Miller, Snyder and Bentley Hub",480
"Henry, Harmon and Gross Network",368
"Butler, Pratt and Watkins Hub",107
Frye-Sanders Labs,394
Allen-Williams Labs,289
"Patterson, Hill and Robbins Hub",298
Rivera-Reed Labs,323
Peterson LLC Hub,413
Gutierrez Inc Network,444
"Williams, Romero and Parrish Studios",194
"Cisneros, Potter and Barrett Hub",140
"Ramsey, Roberts and Murphy Network",454
Ortega-Vincent Hub,328
"Lee, Wilkerson and Smith Network",75
Lopez-Meyer Studios,265
Hernandez-Powers Labs,216
"Bailey, Shepard and Perez Studios",356
House Ltd Studios,221
"Johnson, Simpson and Goodwin Network",453
Hunt Ltd Labs,439
Boyd-Davis Network,335
"Thomas, Smith and Crosby Labs",64
White-Peterson Hub,466
Miller-Fitzgerald Labs,124
Powell Inc Studios,429
"Gomez, Ball and Mann Hub",500
Choi Group Network,438
Wallace Inc Network,204
"Murphy, Taylor and Price Labs",410
Sanchez-Peterson Labs,320
"Miles, Sharp and King Network",324
Rodriguez-Haley Network,63
Miller Inc Hub,379
Nelson Inc Studios,118
Mason-Williams Studios,371
Jones-Watts Studios,449
"Anderson, Smith and Sutton Hub",247
"Harris, Jimenez and Lee Studios",375
"Hill, Scott and Garcia Studios",76
Harper Inc Studios,435
Chapman Ltd Labs,138
Garcia-Johnson Studios,439
"Burnett, Adams and Carrillo Studios",496
"Gray, Smith and Williams Network",354
"Maldonado, Miles and Townsend Labs",245
Rodriguez-Mccormick Network,232
Joseph Ltd Studios,488
Frazier-Martin Hub,332
"Parsons, Martinez and Manning Network",60
"Flores, Johnson and Cook Network",448
Moore-Clarke Network,428
"Hernandez, Thompson and Mcgee Studios",146
Anderson-Ferguson Labs,116
Andrade-Holder Studios,436
Smith-Barton Studios,370
"Miller, Reynolds and Moore Hub",209
Wilson and Sons Labs,108
"Webb, Parker and Chavez Hub",331
White LLC Network,198
Smith Group Hub,135
"Jefferson, May and Hall Network",365
Daugherty Inc Hub,177
Torres-Stewart Hub,259
Anderson LLC Network,492
Sutton-Burch Labs,186
Villanueva Inc Network,394
Smith-Nelson Hub,294
"Johnson, Malone and Matthews Hub",155
Gregory-Fuller Labs,257
Hale-Hansen Labs,184
"Johnson, Knight and Adams Hub",197
Dorsey LLC Network,50
Maxwell-Scott Studios,380
Harris-Williams Hub,432
Green-Vaughan Network,229
Caldwell Group Network,331
Bennett-Gillespie Network,275
Velasquez Inc Network,347
Jones Inc Labs,156
Patrick Inc Studios,159
Manning-Lopez Network,178
Patterson LLC Studios,152
Charles-Rhodes Network,133
"Olson, Ramos and Williams Hub",487
"Rodgers, Harris and Cole Labs",187
"Mosley, Mccarty and Rose Labs",185
Barber-Ramos Labs,341
Johnson and Sons Hub,307
Mendoza-Branch Labs,107
Nelson-Martin Studios,230
Mcdaniel Inc Hub,424
"Alvarado, Beck and Singh Network",182
"Morales, Krueger and Blake Network",236
Richards Ltd Studios,434
Savage-Sims Studios,332
Villanueva-Crawford Labs,234
Smith-Phillips Studios,211
Kramer LLC Network,344
"Watkins, Peterson and Hunt Labs",106
Glass-Ferguson Network,251
Harper-Clark Network,461
Odonnell-Haynes Studios,382
Good-Jones Hub,387
Jones Ltd Hub,429
Garner-Hendricks Hub,401
"Coleman, Martinez and Johnston Labs",488
Colon Ltd Studios,67
"Berg, Williams and Gilbert Hub",248
"Gonzalez, Leonard and Ramsey Network",158
"Huber, Soto and Brown Studios",213
"Conner, Lewis and Carter Network",448
Silva-Franklin Labs,309
Bautista-Rodriguez Network,268
Owens-Sweeney Hub,162
"Jackson, Ball and Ryan Network",186
Archer LLC Studios,90
"Foster, Hart and Roberts Hub",139
Davis-Fuentes Hub,376
Anderson Inc Labs,291
"Cortez, Salazar and Davis Studios",311
Miller-Green Labs,447
Hodges-Anderson Hub,258
Myers-Garza Labs,420
"Clayton, Rollins and Jarvis Labs",67
"Kim, Brown and Peterson Hub",200
Anderson-Smith Labs,435
Callahan-Nunez Hub,129
Anthony-Reed Labs,460
Hayes-Carter Hub,389
"Casey, Perez and Hall Network",128
Conley Ltd Hub,480
"Johnson, Taylor and Rodriguez Studios",206
Johnson and Sons Studios,483
"Mcmahon, Stephens and Gutierrez Hub",477
Allen Inc Studios,73
Aguilar-Adams Hub,499
Allen Inc Studios,367
Perez LLC Network,194
Bartlett LLC Network,127
Kim-Alexander Labs,491
"Harris, Robinson and Garcia Labs",181
Francis Ltd Labs,429
"Mendez, Guerrero and Johnson Studios",375
"Montgomery, King and Klein Studios",481
White-Lopez Studios,71
Shelton-Sanchez Network,133
Tanner Inc Studios,494
"Proctor, Woodard and Sutton Labs",408
Mendez PLC Studios,202
White-Jackson Studios,296
Roberts Ltd Network,366
Miller Inc Network,353
Jimenez-Harris Hub,347
Schaefer LLC Labs,294
Armstrong PLC Hub,57
"Moreno, Freeman and Parrish Network",500
Lowery and Sons Studios,214
"Mccarthy, Reynolds and Johnson Labs",249
Smith-Harris Studios,114
"Nicholson, Delgado and Sharp Network",259
Robinson-Webb Studios,456
Friedman LLC Network,285
King-Wagner Studios,275
Ramirez-Rivera Studios,473
Buckley-Fuller Studios,482
Soto and Sons Hub,125
Bradford-Ross Studios,451
Price Group Studios,456
"Mejia, Miles and Sims Studios",57
Brown-Martinez Studios,397
"Cook, Wood and Snyder Hub",484
Hernandez Group Hub,426
"Cooper, Howell and Monroe Labs",349
Rodriguez PLC Hub,88
Sanders-Ruiz Hub,262
"Shannon, Webster and Dudley Hub",202
Jordan Ltd Network,95
Thompson and Sons Labs,223
Carroll-Fox Hub,66
Baker Ltd Labs,166
"Rosales, Mendoza and Mendoza Labs",69
Fox Ltd Hub,206
Nichols and Sons Network,360
Gibson Group Labs,396
Williams-Wells Network,237
Gamble-Gentry Studios,367
Johns and Sons Network,400
Bentley-Smith Hub,117
Brown-Hodges Hub,89
"King, Taylor and Jenkins Studios",211
Miller PLC Labs,410
West and Sons Network,169
"Clark, Griffin and Thomas Studios",496
"Sanders, Sparks and Cox Network",480
"Marks, Rogers and Hanson Labs",496
"Delgado, Lopez and Camacho Network",78
Sweeney Group Network,112
Faulkner-Arias Network,205
Roman PLC Network,97
"Gray, Bell and Montgomery Labs",249
Dickerson-Lyons Studios,93
Graham-Hooper Network,206
"Petty, Keller and Anthony Studios",441
Washington-Mayer Network,279
Flores Inc Labs,445
Garcia-Garza Labs,253
"Strickland, Henson and Harris Labs",425
White-Rangel Hub,311
Howard PLC Labs,141
"Mcneil, Gilbert and Smith Labs",56
Leonard-Holland Network,206
Hamilton Group Hub,187
Spencer LLC Hub,359
"Wright, Zimmerman and King Labs",400
"Navarro, Mclean and Hopkins Studios",222
Sosa Inc Studios,92
"Boyd, James and Preston Hub",321
Golden-Williams Hub,362
"Lopez, Jones and Thomas Hub",493
"Smith, Sexton and Valdez Labs",216
Farley-Bennett Network,78
Parker-Morris Studios,189
Wong-Owens Studios,139
Johnson-Campbell Network,244
Hunter LLC Labs,444
"Liu, Allen and Griffin Studios",328
Gregory-Cole Network,254
Adkins Group Studios,235
Reese-Faulkner Labs,94
Glenn and Sons Studios,219
Martin-Harris Network,481
Cunningham Group Studios,119
Brown-Montgomery Studios,90
Bowman Ltd Network,131
Robinson-Pennington Network,317
Lee-Hayes Labs,274
Chan-Clayton Hub,312
Wade-Eaton Labs,148
Phillips PLC Labs,307
"Clarke, Boyd and Diaz Studios",414
Whitney-Rodriguez Network,300
Dyer Group Network,284
Schwartz Inc Hub,343
Dixon Ltd Hub,115
Chavez LLC Studios,52
"Robbins, Hunter and Johnson Network",485
Fernandez Ltd Studios,274
Davidson and Sons Labs,181
"Cook, Herrera and Woodard Studios",363
"Lee, Hess and Marshall Network",255
Ryan PLC Hub,366
"Stephens, Flynn and Beck Network",159
"Edwards, Ballard and James Studios",335
"Gross, Larson and Duncan Labs",399
"Newman, Davies and Mendoza Network",371
Gonzalez PLC Labs,63
"Mcclure, Mccarthy and Simpson Network",65
Wilson-Cameron Network,90
"Kelley, King and Sullivan Hub",89
Ramirez Inc Network,305
"Ferguson, Moore and Thompson Labs",274
Campbell-Dominguez Hub,287
Mann and Sons Network,177
Frazier Ltd Network,285
Lee-Silva Studios,243
Mcmillan and Sons Studios,253
"Harris, Wright and Rollins Studios",210
"Moore, Hamilton and Burton Hub",63
"Fowler, Sampson and Richardson Labs",347
Rollins-Cantu Labs,217
Mckinney and Sons Studios,357
Carroll-Landry Labs,468
Clark LLC Studios,211
"Nash, Hammond and Klein Labs",287
Dodson-Mercer Network,146
Perez Inc Network,480
"Smith, Mejia and Santos Labs",266
Parker-Beck Labs,76
Mora-White Network,235
Maxwell-Meza Network,369
"Green, Mccormick and Bell Studios",76
Guerrero-Greer Labs,440
"Hoover, Douglas and Smith Labs",359
"Robinson, Miller and Wright Hub",422
Miller Group Hub,212
King Ltd Studios,71
Rodgers-Garcia Studios,492
"Owens, Rodriguez and Cunningham Studios",463
"West, Moran and Flores Network",171
Jordan LLC Labs,230
Hendricks Inc Labs,454
Webster-Dean Labs,169
Mclaughlin-Strong Studios,366
"Chen, Duncan and Austin Network",449
Clark Ltd Studios,443
Best-Carney Network,100
"Ward, Mason and Ryan Network",184
"Reed, Villegas and Simmons Network",98
Robertson-Vazquez Studios,150
Moody PLC Studios,211
Reese and Sons Labs,170
Fowler-Flores Network,370
Schultz Group Studios,207
"Curtis, Patel and Mclean Studios",247
Adams Ltd Labs,405
Frye-Mendoza Studios,158
"Fields, Coleman and Roberts Hub",480
"Cobb, Carter and Farley Hub",93
"Macdonald, Carter and Casey Labs",245
James and Sons Studios,459
Garza-Miller Hub,265
"Gibbs, Jones and Gonzalez Labs",407
Luna-Higgins Hub,324
Davis PLC Network,114
Moore Group Labs,62
Richards-Wright Hub,498
Murphy and Sons Labs,239
"Thomas, Jennings and Preston Studios",470
Jackson-Hood Network,284
Hahn-Zhang Studios,81
"Watkins, Sherman and Hayden Studios",473
"Delgado, Foster and Schmidt Network",248
Williams Group Labs,458
"Mendez, Vargas and Cuevas Studios",93
Price and Sons Network,105
Harrison-Patel Studios,319
Thompson Ltd Labs,224
"Smith, Perkins and Baker Studios",436
"Flynn, Rodriguez and Jones Hub",253
Wilkerson Ltd Hub,264
"Nelson, Herrera and Stout Network",78
Carpenter-Ortiz Studios,473
Smith-Anderson Hub,315
Levy-Hayes Studios,381
"Phillips, Mitchell and Rodriguez Hub",434
Green-Jones Network,328
"Stewart, Ortiz and Figueroa Labs",171
Baird and Sons Network,471
"Aguilar, Barrett and Stevens Labs",451
"Bridges, Smith and Smith Labs",125
"Foley, Griffin and Thomas Network",100
Moon-Adams Network,121
Spencer-Barnes Labs,171
Jones-Watts Network,398
Andrews-Foster Studios,118
Taylor-Baker Labs,325
Perez and Sons Hub,153
Larsen Ltd Network,409
Smith Group Labs,344
Weaver and Sons Network,486
Davis-Hicks Hub,303
"Black, Branch and Robinson Studios",242
"Stewart, Hensley and Brown Network",200
"Foster, Hunt and Miller Studios",449
Diaz-Jackson Hub,159
Kerr-Curry Labs,131
Sullivan-Mckinney Network,478
Richardson-Barker Network,290
Doyle PLC Studios,117
Hayes-Rodriguez Labs,354
Miller-Levine Labs,120
Hinton Ltd Hub,155
"Dean, Everett and Johnston Hub",466
Lewis Ltd Hub,381
Gomez Ltd Network,389
Wallace Ltd Network,201
Marks Inc Studios,178
"Miller, Rocha and Garcia Studios",447
Moody-Hunter Hub,53
Arroyo Inc Network,481
Herrera-Harris Labs,141
"Hendricks, Morgan and Ramos Labs",86
Ortiz Inc Hub,125
Bush-Allen Hub,136
Kelly PLC Network,396
Welch-Underwood Labs,114
"Henry, Stone and Perez Hub",307
Lopez-Scott Network,481
Mcintosh-Howe Hub,351
Alvarado-Mata Hub,335
"Chandler, Jenkins and Lynch Network",467
Wall-Mccarty Studios,361
"Koch, Sanchez and Boyle Network",483
Crawford LLC Hub,437
"Erickson, Johnson and Reyes Studios",195
Martin-Howard Network,421
Reyes Group Hub,267
Allen Group Studios,292
"Miller, Stevens and Flores Labs",280
"Singh, Simmons and Bennett Labs",398
Martinez-Delgado Hub,301
Jackson-Thomas Studios,238
Powell Group Labs,453
"Schultz, Allen and Ross Network",323
Morris and Sons Hub,292
"Jones, Hudson and Smith Hub",145
Proctor-Mitchell Studios,342
Turner-Hernandez Studios,404
Murray-Yates Labs,99
"Raymond, Webb and Garcia Network",340
Tate Ltd Network,295
Kelly LLC Labs,191
Hansen PLC Studios,448
Hays-Ford Network,98
"Morales, Jones and Holland Labs",265
"Johnson, Lambert and Hansen Network",77
"Medina, Orr and Mcintyre Network",405
Frazier-Gregory Network,121
Parsons-Rowe Network,65
Santos Inc Hub,362
"Vasquez, Green and Davis Studios",372
Gutierrez-Salinas Labs,412
Wright Ltd Hub,76
Brooks-Clark Hub,427
Williams and Sons Studios,211
"Lee, Sanders and Glenn Studios",79
Webb PLC Hub,408
Walls-Garcia Labs,264
Phillips-Nichols Studios,327
Smith-Cohen Network,277
Rose-Glass Hub,413
"Morris, Thompson and Martinez Studios",490
Garcia-Brown Studios,351
Villarreal-Mccoy Studios,134
Simmons-Miller Network,57
Vaughn Inc Studios,314
Holmes Inc Hub,352
Gentry Ltd Labs,383
Smith-Taylor Hub,407
Berger-Taylor Studios,211
Ho-Ruiz Network,228
Burns-Blake Network,302
Hodge-Hill Labs,373
Lewis Inc Labs,194
"Taylor, Rowe and Day Studios",175
Dominguez Ltd Network,230
"Roberts, Garcia and Greene Studios",387
"West, Jones and Conner Hub",168
Massey LLC Studios,129
Moore-Choi Studios,395
Sherman-Hansen Studios,288
"Elliott, Phillips and Hughes Studios",84
Johnson PLC Hub,328
Roberts and Sons Studios,426
Jones-Baker Hub,240
Harrington-Avery Labs,400
"Williams, Smith and Richardson Labs",165
"Miller, Johnson and Hall Hub",262
"Ortiz, Rodgers and Morton Hub",292
Dalton and Sons Network,70
Osborn-Williams Hub,353
Campbell-Stevens Network,332
"Santos, Garza and Underwood Network",457
Wilson-Rogers Network,436
"Terrell, Gibbs and Palmer Hub",176
Sweeney and Sons Network,492
Matthews-Barrett Network,78
"Smith, Cantrell and Finley Studios",362
"Johnson, Griffin and Gonzalez Studios",192
Jenkins-Bender Network,343
Lopez Inc Studios,319
Nielsen PLC Network,183
"Wright, Perez and Shields Hub",466
Gonzales LLC Network,127
Adams-Morrison Network,440
Morales-Bell Studios,314
Greene-Watts Network,159
Nelson and Sons Studios,438
Garcia Ltd Hub,297
Taylor-Woods Network,73
"Sanchez, Johnson and Ali Labs",257
"Craig, Glover and Thomas Studios",85
Woodward Inc Studios,63
Parks-Hatfield Studios,426
Ford-Rose Labs,142
Lewis Inc Studios,190
Stevens Ltd Labs,78
"Garcia, Mitchell and Taylor Labs",445
"Nguyen, Smith and Morrison Network",64
"Doyle, Wheeler and Hunt Network",111
Lewis-Jones Labs,422
Bennett Inc Labs,290
"Parrish, Webb and Griffin Labs",72
Ramirez Ltd Labs,285
Francis Ltd Network,97
Parker Inc Hub,81
Peters-Martin Hub,144
Smith Inc Hub,166
Case Inc Labs,146
Barrett-Gomez Labs,108
Sanchez-Holmes Network,222
"Dixon, Robles and Holt Labs",500
"Mccarthy, Stewart and Williams Hub",236
Chandler and Sons Studios,346
Adams Ltd Studios,397
"Fuller, Burton and Allen Network",211
Rich LLC Labs,349
Bailey Group Labs,122
Wells Ltd Network,258
Lopez Inc Network,81
"Evans, Prince and Mccarty Studios",177
Meadows Group Network,139
"Gallagher, Rodriguez and Perez Network",228
"Moreno, Moyer and Adkins Studios",474
"Jones, Hopkins and Roberts Studios",77
"Miller, Valdez and Duke Hub",127
Savage LLC Studios,112
Walsh-Flynn Studios,410
"Nelson, Allen and French Studios",390
Schneider-Nolan Studios,393
Hansen Ltd Labs,405
Foley and Sons Hub,118
"Smith, Melendez and Morales Network",250
Moore-Travis Labs,311
"Ochoa, Cummings and Park Labs",323
Duncan-Dennis Network,201
West PLC Hub,456
"Gross, Clark and Nixon Labs",200
"Brown, Hanna and Walsh Network",363
"Wilkins, Herrera and Rodriguez Network",397
"Reeves, Walker and Murphy Hub",81
"Morris, Rodriguez and Baxter Hub",408
Hamilton-Butler Labs,66
"Greene, Holmes and Snyder Labs",433
Fitzgerald Inc Network,430
"Curry, Stewart and Khan Network",98
Moore Group Labs,85
Barnes-Estrada Network,218
Nelson Group Hub,155
"White, Brown and Montes Hub",199
Green Ltd Labs,491
Yang Inc Network,481
Valencia-Smith Studios,475
Phillips-Adkins Labs,315
Anderson LLC Labs,177
Thomas-Cross Network,64
Ortega-Gibson Hub,300
Mcneil-Lopez Hub,304
Hall Group Labs,216
"Grant, Phillips and Everett Network",118
"Baird, Lopez and Bender Studios",139
Davis-Wallace Network,189
"Jones, Munoz and Novak Hub",53
Ramirez and Sons Network,361
"Schneider, West and Rivas Hub",473
Burgess Ltd Hub,154
Campbell-Hanna Labs,455
White-Cannon Labs,418
Lam Inc Labs,392
"Melendez, Wiley and Lee Network",132
Calderon-Bishop Labs,435
Harris Ltd Studios,147
Morales Ltd Hub,67
Moore Group Hub,256
"Lopez, Cooper and James Labs",131
"Terry, Phillips and Jennings Studios",123
Thomas-Jones Labs,242
Williams-Koch Labs,280
Sullivan-Scott Network,149
"Lambert, Austin and Evans Studios",295
Estrada Ltd Network,214
Burgess and Sons Network,175
Hernandez-Orr Network,454
"West, Davis and Pennington Hub",357
"Hill, Richardson and Duncan Labs",132
George and Sons Network,121
Stone-Palmer Labs,413
Johnson-King Network,89
Bradford PLC Hub,303
Nelson Ltd Labs,473
Brooks-Proctor Hub,472
"Lee, Hancock and Wong Network",146
"Robinson, Bryant and Bender Studios",249
"Anderson, Tucker and Bailey Network",326
"Lyons, Berger and Graham Hub",489
"Barnes, Harris and Brennan Studios",118
Taylor-Anderson Network,364
Beard Group Hub,326
"Carter, Wallace and Roberts Labs",483
"Hall, Palmer and Wood Network",450
Navarro LLC Labs,280
Martin Group Network,389
"Russell, Williams and Hamilton Labs",129
Grant Inc Hub,200
Thompson Inc Network,82
Frederick LLC Studios,449
"Turner, Knight and Elliott Network",362
Huffman-Lowe Network,273
Marshall-Garcia Labs,391
Nelson and Sons Studios,208
"Davis, Miller and Gutierrez Studios",274
Taylor Inc Labs,234
"Casey, Morales and Edwards Studios",123
Brown LLC Labs,245
"Fuller, Fischer and Lee Hub",485
"Martinez, Steele and Cook Labs",229
"Scott, Gonzales and Anderson Studios",433
"Sutton, Cabrera and Harris Network",239
Burke-Morris Network,413
Smith-Patterson Studios,405
Powell LLC Labs,116
"Wright, Chavez and Cook Network",323
Cabrera-Carr Hub,367
Morales-Tran Network,370
Martin PLC Studios,99
"Mcconnell, Klein and Dennis Hub",73
"Cohen, Love and Johnson Hub",386
Sellers-Duke Studios,156
Martinez-Wade Network,118
Marsh-Tyler Hub,335
Brady-Maldonado Studios,321
Osborn-Patton Studios,245
Rios Inc Network,447
Booker Group Labs,359
Wright LLC Hub,305
Vaughn PLC Network,437
Mason Group Labs,80
Elliott-Gross Labs,434
Caldwell Group Network,344
Pineda Inc Labs,414
"Peters, Williams and Miller Hub",196
Bentley-Fox Studios,441
Moreno-Barker Studios,299
Stewart-Dudley Labs,461
"Moore, Cruz and Alexander Hub",469
Reed-Wang Hub,253
"Spencer, Powers and Moore Hub",461
Taylor Group Studios,83
"Morales, Beck and Davidson Labs",395
"Rodriguez, Williams and Summers Labs",90
Klein Ltd Hub,459
Wells and Sons Hub,449
Pena-Burns Network,311
Hall Inc Network,175
Randolph Ltd Network,481
"Evans, White and Oconnell Hub",114
Long Inc Studios,148
Olsen-Wolf Studios,428
"Gilbert, Powell and Hamilton Network",287
"Johnson, Adams and Norman Network",416
Thompson-Scott Labs,348
"Lambert, Maldonado and Aguilar Hub",449
Foster-Rodriguez Studios,471
"Downs, Thomas and Wilson Hub",222
Hill-Hodges Studios,361
Russell-Thompson Network,169
"Welch, Singleton and Gonzalez Labs",270
Campbell Group Network,161
"Mcclure, Cooper and Campbell Network",354
"Gay, Pierce and Alvarez Studios",436
"Wagner, Archer and Rangel Network",436
Pennington Ltd Labs,98
Davis Ltd Labs,233
Webster-Reed Network,86
Giles Ltd Network,381
"Thomas, Bennett and Fields Hub",237
Todd Inc Network,55
Cole-Webb Hub,97
Martinez-Greene Studios,460
Reed-Barrett Labs,297
"Wells, Harrington and Brooks Hub",145
Fry Group Network,237
Gray Ltd Hub,245
Patel-Hanson Studios,119
Alvarez Ltd Network,391
Martin-Best Hub,106
Gray-Hughes Hub,185
"Edwards, Curry and Anderson Hub",156
Dunlap-Marshall Studios,461
Johnson-Cohen Studios,126
Santos-Jackson Network,126
Johnson-Mitchell Studios,288
Brown-Moss Hub,124
Armstrong-Smith Labs,91
Mason and Sons Studios,207
"Wood, Ramirez and Wood Network",403
Boyer-Clark Studios,232
Greene and Sons Studios,468
Mcmillan-House Studios,66
"Elliott, Greer and Potter Studios",347
"Daniels, Wolfe and Cooper Hub",260
Ibarra Inc Hub,414
"Gutierrez, Moore and Figueroa Labs",52
"Huff, Thomas and Hernandez Labs",66
"King, Rubio and Elliott Labs",223
Delacruz-Torres Labs,136
Wyatt LLC Labs,62
Carroll LLC Network,497
Stewart-Brock Labs,116
Evans-Garcia Network,205
Hunter LLC Hub,158
"Stewart, Alvarez and Hall Network",319
"Buck, Clark and Williams Hub",303
"Park, Jones and Casey Labs",239
"Anderson, Reilly and Callahan Network",194
"Nunez, Shelton and Boyer Hub",202
"Brown, Hale and Gordon Hub",373
Lamb Ltd Network,159
"Smith, Guerrero and Gross Studios",312
Logan Group Network,380
Hicks-White Network,428
"Robinson, Hughes and Schneider Studios",469
Young-Douglas Network,382
Hall Group Network,365
Ford and Sons Hub,371
Curtis-Newman Network,388
"Gonzalez, Haley and Haley Network",118
"Shaw, Mendoza and Ewing Hub",481
Parker Ltd Studios,257
"Brady, Jones and Gross Studios",340
"Roberts, Richard and Leach Labs",395
Mcgee-Vincent Hub,226
Ward Group Hub,424
"Gonzalez, Griffith and Henderson Labs",359
Walsh Inc Hub,246
Pierce-Johnson Hub,62
Palmer-Roberts Hub,300
"Young, Bonilla and Miller Hub",464
Walker PLC Network,475
"Martinez, Mann and Campbell Hub",311
Molina-Howard Network,110
Cruz-Church Hub,483
Sims-Villa Network,380
"Moore, Barajas and Young Studios",421
Stewart Ltd Labs,51
Ballard PLC Labs,91
Sutton Group Studios,491
Jackson-Li Studios,376
Baker-Diaz Labs,206
Hamilton Ltd Network,331
Miller LLC Hub,296
Martinez LLC Hub,148
"Acosta, Ortiz and Benton Studios",63
Wagner-Byrd Network,239
Chang-Peterson Network,109
Contreras LLC Network,467
Bailey-Garrett Network,182
"Cain, Khan and Odom Labs",454
"Lawrence, Collier and Huynh Network",371
Garcia and Sons Studios,246
Taylor PLC Network,160
Leonard and Sons Hub,368
Wyatt Ltd Hub,129
Johnson-Scott Network,139
"Garner, Walton and Miller Network",51
Adams and Sons Studios,257
Reynolds-Collins Hub,215
Barry and Sons Labs,400
"Thornton, Perry and Cole Network",441
Spencer-Price Studios,458
"Lambert, Miller and White Hub",244
"Bowman, Cook and Mckay Network",436
Herring-Nichols Labs,273
"Anderson, Steele and Jordan Labs",439
Cervantes LLC Labs,432
George-Wright Labs,129
"Ellison, Reid and Evans Labs",70
Clark-Jacobs Network,401
Hayes PLC Hub,276
"Bradley, Lawrence and Knight Studios",375
"Porter, Armstrong and Walters Hub",230
Eaton Group Hub,136
"Duncan, Erickson and Smith Hub",295
"Hicks, Bradshaw and Moses Studios",224
"May, Sanchez and Johnson Hub",300
Gallagher-Rose Hub,436
Summers-Harper Labs,372
Sullivan PLC Network,351
"Garza, Lin and Gray Labs",482
"Benjamin, Carpenter and Forbes Labs",167
Harris LLC Studios,211
"Smith, Ramirez and Baird Labs",83
Schneider-Kemp Hub,53
"Rodriguez, Jensen and Payne Hub",409
"Pope, Beard and Gross Labs",378
Cox-Cain Network,235
"Novak, Choi and Martin Hub",371
"Neal, Morris and Golden Network",384
"Russell, Vargas and Harper Studios",118
Jordan-Hanson Network,212
Hernandez Group Network,412
"Davis, Williams and Rodgers Labs",469
"Blair, Ryan and Mitchell Labs",105
Sandoval-Gilbert Hub,314
Hall Ltd Hub,382
Ross LLC Labs,365
"Barber, Martinez and Le Studios",339
Wilson LLC Hub,489
"Rocha, Gonzalez and Kim Labs",309
Horn Inc Studios,388
Wiley-Short Labs,160
Daugherty and Sons Labs,81
Hernandez Ltd Hub,376
Johnson Ltd Labs,75
Powers-Flores Hub,444
"Davidson, Perez and Wade Studios",225
"Ortiz, Smith and Flynn Studios",166
"Greer, Sharp and Nelson Labs",93
Jones-Smith Labs,269
"Johnson, Tucker and Henderson Labs",279
"Roberts, Morris and Wall Studios",369
Swanson-Richardson Network,381
Ramirez Group Network,67
"Wells, Terry and Smith Network",228
Brown Group Hub,474
"Franco, Morris and Williamson Hub",307
"Smith, Barnes and Thornton Network",395
Mccall and Sons Hub,398
"Adams, Elliott and Christensen Hub",143
"Spence, Tate and Sanchez Hub",249
Davis and Sons Studios,268
Miller-Thompson Studios,413
"Gardner, Gutierrez and Fisher Hub",294
Fitzpatrick-Boyle Network,296
Brown-Jones Network,164
"Garcia, Leon and Thompson Hub",440
"Brewer, Medina and Graham Labs",67
Hill-Braun Studios,284
Taylor-Roberts Network,106
Jones-Potts Hub,451
"Thornton, Travis and Hensley Studios",344
Mcdonald and Sons Network,444
Conner-Cochran Studios,140
Smith-Hale Hub,298
Chavez Ltd Hub,64
Washington LLC Labs,67
Bradley-Norton Labs,122
"Mcdaniel, Brown and White Network",72
Dorsey PLC Hub,460
Scott-Hernandez Studios,257
Walters-Martinez Labs,264
Miller-Bishop Labs,114
Dawson-Mitchell Network,259
Murray-Simmons Studios,253
Smith LLC Network,433
Peters-Gomez Hub,71
Chavez and Sons Labs,442
Davenport-Cabrera Labs,463
"Harper, Thompson and Dougherty Network",362
"Mckinney, Wright and Roth Studios",321
Pennington-Reid Hub,195
"Lewis, Eaton and Ayala Studios",442
Cox-Beck Hub,415
"Scott, Gomez and Bryan Network",260
"Gonzalez, West and Knox Network",320
"Dunn, Williams and Edwards Network",215
Adams Group Network,334
Martin PLC Labs,100
Wilson-Cruz Studios,298
"Brown, Hernandez and Hahn Labs",346
Larson-Rogers Labs,74
Yates-Owens Hub,120
Garcia-Le Studios,384
"Barton, Cox and Cox Hub",337
Mason-Delgado Network,107
"Sullivan, Mercado and Foley Hub",340
Kelly PLC Network,84
"Hart, Burton and Hancock Studios",434
Cooley-Miller Network,467
"Boyle, Stewart and Jones Labs",258
"Foster, Lynch and Jackson Labs",450
Miller-Olson Studios,455
Thomas-Serrano Network,114
Johnson Ltd Labs,320
Henderson-Collins Studios,145
Smith LLC Labs,282
"Jones, Abbott and Cunningham Labs",316
Zhang-Flores Labs,286
Burch Ltd Hub,254
"Gilbert, Smith and Roberts Labs",245
Miles Group Studios,258
Carroll-Carson Network,65
Matthews-Cox Labs,173
Gutierrez and Sons Network,134
"Jenkins, Lewis and Brown Network",377
"Murphy, Guerra and Taylor Studios",91
Stark PLC Labs,199
"Harris, Graves and Payne Network",322
Brown Group Labs,170
Allen and Sons Labs,417
Aguirre PLC Hub,182
Montgomery PLC Labs,388
Edwards-Andersen Labs,210
Brown and Sons Hub,57
"Day, Lopez and Navarro Hub",303
Montes-Gilbert Studios,316
Allen-Moreno Network,137
"Scott, Carlson and Diaz Network",138
Spencer-Fuller Labs,399
Peterson-Brady Hub,109
"Obrien, Wallace and Ramos Labs",267
"Mcknight, Allison and Clark Hub",217
"Spence, Velazquez and Wells Labs",129
Anderson-Green Studios,439
"Simmons, Woods and Mitchell Labs",78
Rivera-Green Network,153
Mason LLC Hub,400
Peterson PLC Studios,169
Fischer-Allen Studios,85
Miller Ltd Studios,319
Chang-Rollins Labs,93
Guerrero-Holt Network,172
Osborne-Lopez Hub,496
Gray LLC Hub,333
Burns-Mcdonald Network,90
"Ross, Atkinson and Hancock Network",296
"Pearson, Mcneil and Mcpherson Hub",355
Foster-Henderson Labs,142
Miranda Group Network,206
Mckee-Carter Network,171
"Townsend, Turner and Orozco Labs",475
Brock Ltd Labs,73
Newman LLC Network,396
Martinez Group Hub,213
"Brown, Baker and Donovan Labs",323
Estes and Sons Network,163
"Robinson, Lopez and Hernandez Hub",182
Larson-Russell Hub,69
"Clark, Welch and Nixon Hub",459
"Nguyen, Stewart and Colon Hub",380
Schmidt Inc Hub,258
Aguirre Ltd Hub,369
Tate LLC Labs,161
Franklin-Osborne Hub,208
Ford and Sons Labs,475
Henry Group Network,474
Williams LLC Hub,171
"Taylor, Wood and Hurley Hub",157
Bishop-Williamson Hub,457
Wheeler LLC Labs,302
"Moss, Simmons and Nelson Labs",261
"Garcia, Knight and Roth Network",369
"Williams, Dorsey and Mcneil Hub",389
Rush Group Labs,281
Nichols PLC Network,373
"Perry, Rangel and Steele Network",440
Garcia and Sons Labs,103
Butler-Ward Network,298
"Franco, Kline and Palmer Hub",342
"Garcia, Rogers and Johnson Network",140
"Mitchell, White and Gonzalez Hub",125
Logan LLC Studios,203
Short-Blake Labs,494
Butler-Davis Hub,468
Bush and Sons Network,174
Contreras PLC Labs,458
Melendez-Rodriguez Studios,207
Ward PLC Hub,247
"Santos, Thomas and Jones Labs",246
Ramos-Jensen Network,331
Lowery Group Network,198
"Hayes, Reynolds and Mckinney Network",97
Daniel-Pena Network,59
Foley Inc Labs,215
"Pearson, Smith and Burns Network",266
Graves-Acosta Network,126
Berry-Wood Network,409
Garner-Cox Network,424
Thomas-Rojas Network,487
Moore LLC Labs,293
Meyers Group Studios,58
King Ltd Studios,64
"Mills, Mcguire and Banks Labs",241
Jimenez-Foster Hub,481
Johnson PLC Hub,54
"Fritz, Gamble and Robinson Studios",240
Wood-Garcia Labs,472
Garcia-Johnson Hub,360
"Ruiz, Jefferson and Johnston Labs",416
Sims LLC Hub,194
Harris-Sherman Hub,179
Perez and Sons Studios,345
"Small, Matthews and Maxwell Labs",385
"Hill, Simpson and Davis Studios",188
"Castillo, Daniels and Smith Studios",357
Wallace-Lee Hub,174
Tyler Ltd Network,366
"Schmidt, Scott and Benitez Network",329
"Wallace, Gardner and Booker Labs",96
"Fitzgerald, Harris and Sawyer Labs",432
"Robinson, Dawson and House Studios",436
Rodriguez-Brown Network,295
"Holt, Decker and Kelly Studios",284
"King, Patrick and Smith Studios",422
"Wallace, Mack and Lee Labs",154
"Bailey, Hunt and Carrillo Labs",106
"Bernard, Young and Singleton Hub",401
Anderson PLC Studios,296
Black LLC Network,307
Holmes-Bishop Labs,174
Green Group Studios,389
"Richardson, Taylor and Clark Labs",481
Moreno Inc Hub,379
"Smith, Bass and Ramirez Network",215
Garcia and Sons Labs,76
Simpson-Yang Labs,251
Mckay-Gardner Hub,366
Davis LLC Network,143
"Price, English and Chapman Hub",95
Mcdaniel-Acevedo Hub,165
Sosa-Davis Labs,423
"Cox, Yang and Costa Studios",406
"Martin, Fletcher and Davis Network",112
"Stewart, Wright and Cox Hub",153
Jenkins Ltd Hub,357
"Cabrera, Rodriguez and Mathis Labs",424
"Green, Wilkins and Bates Hub",454
Simmons Ltd Studios,429
Rodriguez and Sons Studios,417
White and Sons Studios,165
"Flores, Edwards and Clark Network",134
Spencer Inc Network,398
Barker Group Network,264
Craig-Johnson Studios,410
"Santos, Stephens and Murray Hub",269
Flores-Shea Hub,188
Warren Inc Labs,405
"Richards, Diaz and Jimenez Network",499
Robertson-Cooper Network,496
Martin-Santos Labs,65
Anderson Ltd Network,210
Martin LLC Hub,50
"Lee, Crawford and Cain Network",214
Kelley-Mcintosh Studios,214
Wilson and Sons Network,165
"Wilkerson, Moore and Gibbs Studios",183
Howard-Fernandez Labs,297
"Davis, Williams and Perry Studios",288
Duran and Sons Studios,257
Green LLC Hub,448
Schmidt Group Labs,132
Smith PLC Studios,443
Watson-Ramirez Labs,142
Duncan-Wilson Labs,90
"Hall, Briggs and Colon Network",339
"Mills, Ramirez and Case Network",429
Goodwin Ltd Network,348
Smith-Mason Studios,378
"Haley, West and Frey Network",67
White-Eaton Labs,422
Roach PLC Hub,343
"Huynh, Sheppard and Martinez Labs",423
Jones-Nunez Network,268
"Baker, Jones and Miller Labs",152
"Moore, Kim and Anderson Labs",224
Smith-Boyle Labs,125
Knight-Le Network,259
Joseph Group Studios,306
"Mcdonald, Wood and Brown Studios",52
Johnston Group Hub,124
Armstrong Ltd Hub,265
Young PLC Labs,232
Miller and Sons Labs,341
Davis and Sons Hub,86
Gutierrez Ltd Labs,352
Oconnor Inc Network,473
Thompson-Gaines Hub,359
"Sanchez, Kramer and Edwards Network",437
Frazier Inc Network,127
Davidson-Medina Studios,79
Smith and Sons Network,200
"Nguyen, Thompson and Estrada Network",364
Dalton-Christensen Studios,290
Baker Group Network,224
Torres Inc Studios,133
Smith LLC Labs,72
"Nguyen, Mason and Finley Hub",376
"May, Ramirez and Lawson Labs",315
"Smith, Yang and Hernandez Hub",327
Avery Inc Studios,265
Casey LLC Studios,269
Kennedy Group Studios,159
"Wright, Shah and Smith Network",242
Choi PLC Labs,489
"Powell, Anderson and Miller Studios",453
Wilkinson-Watkins Hub,323
"Richardson, Spears and Franklin Hub",361
"Morgan, Bowman and Adams Studios",296
Erickson-Lee Labs,74
Griffin LLC Studios,151
"Marquez, Johnson and Burke Labs",285
Jordan PLC Hub,217
Morris-Mora Labs,277
"Williams, Hernandez and Valencia Labs",401
Mack Inc Network,97
Lynch-Silva Studios,344
Valentine-Ingram Network,115
Mitchell-Johnson Network,370
Wilson-Mahoney Network,320
Barber LLC Studios,320
James Inc Hub,354
"Wilson, Wagner and Fox Studios",102
Coleman-Leon Hub,110
"Stone, Burch and Robertson Labs",365
Davis Inc Labs,151
Evans-Jackson Studios,255
Armstrong PLC Studios,390
"Huerta, Moore and Turner Hub",68
Gilbert-Anderson Labs,389
Hernandez LLC Network,191
Gamble-Eaton Hub,479
"Johnson, Macdonald and Brooks Network",463
Dickerson-Hart Hub,65
"Hall, Mccullough and Phillips Labs",496
"Roman, Singh and Bautista Studios",390
"Thompson, Schneider and Morgan Studios",262
Jennings and Sons Labs,329
Campbell Group Hub,250
Phelps-Hernandez Hub,211
"Holloway, Jacobs and Lamb Labs",351
Bell LLC Hub,300
"Huynh, Lewis and Hall Network",444
Levy PLC Labs,104
Smith Inc Labs,423
Thomas-Hill Hub,417
"Jones, Ewing and Sutton Studios",420
Martin-Graham Hub,408
Smith PLC Network,316
Smith-Edwards Studios,294
Henry PLC Network,496
"Figueroa, Williams and Bailey Labs",278
Adams Group Studios,420
Wiley Group Hub,64
Russell and Sons Labs,111
Gonzales-Powell Labs,171
"Becker, Weaver and Davis Hub",254
Logan-Thompson Labs,356
Snyder-Parker Hub,198
Wheeler-Reed Hub,115
Collins-Wang Network,55
Garner Ltd Labs,240
Jones-Reed Studios,461
Adams Group Labs,51
Glover Inc Studios,301
Smith Inc Hub,60
Hall Ltd Network,290
"Diaz, Daniels and Banks Labs",247
Perry Ltd Studios,141
Davidson-Donovan Studios,475
Chapman and Sons Hub,399
"Martinez, Frederick and Clark Network",488
Ortega-Walker Network,353
"Barber, Baker and Cook Labs",248
Stewart-Sims Labs,416
Warren-Lee Studios,133
Gibson-Young Network,72
Fields Group Hub,496
"Hansen, King and Hart Network",395
Pace LLC Network,100
Ferguson Ltd Labs,170
"Allen, Ferguson and Russell Network",120
Torres-Taylor Labs,222
Ramirez and Sons Hub,202
"Wilson, Wilson and Klein Labs",438
"Stewart, Riley and Little Network",257
"Rodriguez, Horton and Jackson Studios",436
"Koch, Caldwell and Henderson Hub",263
Alvarez-Armstrong Network,343
Blackwell-Bailey Studios,348
Fisher-Hammond Labs,227
Evans-Morris Studios,75
Oconnor-Patton Labs,51
Roberts-Rogers Network,72
Beasley-Anderson Network,193
Owens-Perez Labs,156
Wilson-Carter Studios,104
Weiss-Page Network,433
Jackson Ltd Network,361
"Richardson, Peters and Jackson Studios",390
"Burke, Sutton and Manning Labs",275
Taylor Group Studios,78
"Booker, Smith and Alexander Labs",66
Clark LLC Labs,165
Brock and Sons Studios,461
"Andrews, Williams and Murphy Studios",173
Duke-Welch Labs,339
"Adams, Smith and Cherry Hub",199
Hayden-Torres Studios,315
Thomas-Murillo Hub,467
Davidson and Sons Network,182
Estrada-Murphy Hub,104
Gray-Bridges Network,152
"Dominguez, Andrews and Schneider Studios",140
Washington LLC Hub,99
Day Inc Hub,59
"Johnson, Bridges and Jordan Hub",262
Leonard-Harris Labs,304
Howard Inc Studios,69
Swanson and Sons Network,131
Hernandez PLC Hub,348
Wells Inc Studios,442
"Murphy, Skinner and Brown Labs",227
Williams LLC Studios,254
"Trujillo, Franco and Brown Hub",299
Robinson-Turner Studios,460
Reyes LLC Network,291
Mcclain and Sons Hub,56
"Rose, Harris and Lozano Labs",125
Ward-Wood Network,255
"Fisher, Hutchinson and Evans Network",96
Juarez Group Network,291
"Kent, Dixon and Gay Hub",88
Silva LLC Studios,298
Villa-Fischer Hub,192
"Carlson, Hendricks and Smith Hub",208
Vargas-Jackson Studios,54
"Perez, Petersen and Freeman Network",110
Santos Ltd Labs,81
"Johnson, Barnes and Walker Network",455
Thompson-Boone Hub,189
Green-Jenkins Labs,176
Moore-Marquez Studios,224
Martin-Fields Labs,347
Whitehead Inc Network,369
"Brown, Woodward and Hall Hub",478
"Chen, Zimmerman and Perry Network",95
Robertson-Martinez Hub,295
Harris-Roman Network,252
"Ward, Mendoza and Adams Studios",415
Moore Ltd Network,490
Flowers-Wilson Studios,429
"Boyer, Higgins and Diaz Labs",446
Roberson Inc Network,153
Gutierrez Group Labs,473
Burke Ltd Hub,170
"Walter, Kelly and Rodriguez Labs",338
"Velasquez, Moore and Cruz Hub",77
Kerr and Sons Studios,220
Young Ltd Labs,490
"Rose, Blake and White Labs",197
Villarreal-Arias Studios,332
"Fitzpatrick, Jensen and Johnson Labs",106
Davis Group Labs,271
Bradley Group Studios,400
"Marshall, Hernandez and Allen Network",228
Rose LLC Labs,287
"Sharp, Neal and Bowman Labs",105
"Wolfe, Edwards and Richardson Network",278
Williamson Group Labs,311
Shea-Elliott Network,60
Morgan-Figueroa Labs,495
"Kirby, Higgins and Butler Studios",275
Parker-Morales Network,432
Cruz Group Network,120
"Sawyer, Gonzalez and Shields Labs",482
Adams-Long Labs,127
"Burton, Randall and Christensen Studios",230
Silva-Lane Studios,327
"Espinoza, Perez and Thompson Labs",261
"Melton, Rodriguez and Thompson Studios",430
Scott LLC Network,144
Smith-West Hub,389
"Oneal, Evans and York Studios",326
Hill-Mack Studios,342
Wang Inc Labs,371
Henderson and Sons Studios,309
"May, Graves and Larsen Network",431
"Horton, Fisher and Krueger Hub",382
Rogers-Butler Network,104
Williams-Wu Studios,324
Torres-Harris Hub,299
Harper-Adams Studios,300
Castillo-Davis Network,465
Andrade-Moran Labs,311
"Sweeney, Norris and Jackson Hub",313
"Perez, Orr and Ochoa Labs",149
"Barry, Patrick and Graves Studios",175
Harris-Walker Network,440
Brown-Brown Studios,300
Diaz and Sons Hub,465
"Gutierrez, Barker and Becker Studios",432
Charles-Giles Studios,128
Bell Inc Network,187
"Ruiz, Lee and Martin Labs",77
"Johnson, Hoover and Dillon Labs",344
"Franklin, Myers and Greene Studios",441
Fleming-Mejia Network,266
"Dean, Coffey and Wilson Hub",255
Mcintyre-Marks Network,206
Mcgee Ltd Network,126
"Scott, Harris and Garcia Network",324
Sanders PLC Studios,371
"Navarro, English and Fisher Network",53
"Gibson, Bruce and Bryant Labs",236
Kennedy-Williams Network,349
Jennings PLC Labs,122
"Sanchez, Smith and Anderson Studios",245
Gould Ltd Labs,430
Anderson-Holmes Network,166
King-Chang Labs,275
Jackson Group Network,210
Miller Inc Labs,440
Harrison LLC Network,340
"Perry, Peterson and Fernandez Labs",97
"Rose, Graves and Williams Studios",232
"Allen, Mays and Young Hub",256
Mcdonald-Calderon Hub,61
Malone-Hampton Studios,440
Wiggins Ltd Network,399
Davis-Smith Network,125
Hernandez LLC Network,329
Howell and Sons Network,229
Singleton-Hernandez Labs,462
Boyd-Smith Labs,360
"Garza, Clark and Villarreal Network",171
"Green, Nolan and Allison Network",64
"Kelley, Sanchez and Mitchell Studios",166
"Craig, Black and Morse Network",482
"Conley, Flores and Mcdonald Network",229
Ewing Inc Studios,498
Mitchell-Garcia Labs,357
Pierce-Wolf Hub,144
Wells-Barnes Studios,455
Vargas-Taylor Hub,418
Herrera-Tyler Hub,62
Wang Ltd Labs,373
"Daniel, Hamilton and Brock Labs",148
"Booth, Baker and Clay Hub",86
Odonnell LLC Hub,419
"Escobar, Banks and Snow Network",102
"Williams, Burns and Snyder Network",314
"Padilla, Jones and Brooks Network",140
Thomas-Kim Labs,487
Cruz-Michael Studios,51
"Austin, Ayala and Hardin Labs",71
Benson Inc Hub,328
Wheeler-Davis Labs,91
Conley-Ortiz Labs,231
Ray PLC Labs,252
"Norton, Dennis and Johns Network",170
Russell-Barnes Hub,181
"Perez, Diaz and Thomas Hub",269
Richard-Johnson Studios,345
Jordan-Nelson Hub,253
"Frank, Adams and Montoya Studios",478
Jones Group Hub,500
Holland PLC Hub,240
Wilson Group Hub,56
Best Inc Studios,374
French-Bennett Network,270
"Wright, Nelson and Smith Hub",134
King PLC Studios,229
Miller and Sons Network,229
"Hines, Powell and Lindsey Studios",468
Davis LLC Labs,429
Goodman LLC Labs,476
Cox Group Labs,256
Walker and Sons Studios,424
Love-Rodriguez Hub,367
"Vasquez, Wilson and Yates Studios",198
Garza-Jones Labs,339
"Barker, Berger and Crawford Hub",303
Ortega and Sons Hub,475
Jefferson Ltd Labs,372
"Bean, Garcia and Rice Network",301
"Lopez, Reilly and Edwards Network",305
"Oliver, Smith and Thomas Network",401
Boyd-Hopkins Hub,255
Huffman-Hall Labs,432
Joseph Inc Network,347
Morris-Richard Studios,215
Salazar-Adams Labs,340
Berry Ltd Hub,451
"Morris, Floyd and West Network",368
Johnson LLC Labs,408
Rogers-Robinson Network,428
Clark PLC Network,84
Little Ltd Labs,94
Schneider-Gomez Network,88
"Garrison, Miller and Jones Labs",159
Chaney Inc Network,143
Cameron-Nguyen Network,144
"Patel, Macdonald and Clark Studios",476
Welch and Sons Labs,313
Schmidt Ltd Studios,303
Garcia-Hernandez Hub,482
Buchanan Group Studios,172
Olsen-Simmons Studios,134
Nguyen-Mosley Network,262
Reilly Inc Network,499
Mcintyre and Sons Network,469
Mcpherson-Hernandez Network,121
Macias LLC Labs,126
Lee-Barajas Studios,149
Rice-Schmidt Hub,461
Flowers-Howard Studios,346
"Mcneil, Mcbride and Wang Network",183
"Curtis, Sellers and Weber Labs",224
Copeland Inc Hub,353
"Adams, Mcclure and James Studios",195
Stanton-Palmer Labs,243
Cook-Ochoa Network,261
Miller LLC Hub,323
"Rowland, Phillips and Chase Labs",96
"Harris, Herman and Martinez Labs",159
Wilson and Sons Labs,191
Shah Group Labs,362
"Kerr, Park and Guerra Labs",244
"Jones, Morgan and Phillips Hub",429
Johnson-Brock Studios,54
"Mcdonald, Young and Smith Hub",463
"Cooke, Sanchez and Robinson Hub",297
Stone Inc Studios,382
Scott PLC Hub,439
"Smith, Willis and Watson Studios",180
"Odonnell, Burton and Harrison Labs",240
Yoder-Craig Hub,381
"Morse, Smith and Hess Network",411
Olson Inc Network,153
"Jackson, Reyes and Douglas Labs",320
Williams PLC Network,359
Calhoun-Peterson Hub,130
Cox Ltd Network,226
Wiggins Ltd Studios,375
Green and Sons Labs,116
Frazier PLC Hub,137
Stark-Gould Labs,207
Rodriguez-Johnson Hub,172
Anderson-Jensen Studios,88
"Mcmahon, Hartman and Wilkins Network",425
"Novak, Peterson and Young Network",112
Odonnell and Sons Labs,68
"Charles, Howard and Hernandez Studios",484
Miller and Sons Hub,404
Phillips and Sons Studios,153
Jackson and Sons Network,275
Parker-Burch Labs,259
Munoz and Sons Labs,396
"Sellers, Wheeler and White Labs",114
"Gallagher, Jones and Bartlett Studios",402
"Norris, Waller and Baker Network",407
Collins LLC Hub,487
Smith Group Studios,359
Poole-Howell Hub,145
"Gallegos, Sanders and Wade Network",89
"Fuller, Henry and Smith Hub",221
"Gonzalez, King and Cox Hub",349
Foster-Stevens Network,320
"White, Lopez and Estes Studios",418
"Gray, Cook and Taylor Hub",437
Simmons and Sons Hub,462
"Smith, Melendez and Strickland Studios",310
Wyatt-Cruz Network,55
"Taylor, Thompson and Gregory Labs",128
"Becker, Prince and Bennett Labs",262
"Williams, West and Mosley Labs",298
Robinson Ltd Labs,324
Grimes-Salinas Network,245
Fisher and Sons Studios,327
Johnson-Wilson Labs,162
Porter Inc Hub,303
Garza Inc Hub,471
Gray and Sons Labs,91
"Levy, Fernandez and Torres Studios",186
Johnson and Sons Studios,111
"Blanchard, Thomas and Hernandez Labs",99
Galloway-Schneider Labs,402
Howell-Gonzalez Network,288
Bennett-Peterson Labs,239
"Walsh, Gomez and Lopez Studios",376
Morales-Smith Labs,199
Smith and Sons Network,228
Jackson Ltd Studios,315
Hoover-Vance Hub,91
Curry Ltd Hub,240
"Anderson, Fitzgerald and Ritter Studios",456
"Mitchell, Lynn and Brown Network",119
Martin-Franklin Hub,237
"Graham, Martinez and Gross Labs",408
Gutierrez Inc Network,491
Schneider and Sons Network,496
"Martinez, George and Sloan Hub",336
Moyer Ltd Network,246
West-Caldwell Hub,294
Sharp and Sons Labs,485
Farrell-Novak Hub,207
Callahan-Kennedy Network,302
"Atkinson, Sharp and Murphy Hub",111
Contreras-Burgess Hub,312
Smith-Ball Studios,317
Cooper-Clark Labs,285
Smith PLC Labs,129
"Martinez, Miller and Davis Labs",205
Lamb-Floyd Studios,71
"Berger, Castaneda and Alexander Studios",499
Ortiz-Marks Labs,335
Hall and Sons Hub,241
Medina-Phillips Studios,249
Benton-Deleon Studios,176
Peterson-Carter Labs,205
"Garza, Randolph and Huang Studios",68
Diaz LLC Hub,289
Rivera Inc Labs,217
"Howard, Lee and Vega Hub",332
"Martinez, Davis and Russell Network",331
"Pena, Mcdowell and Bowman Studios",360
Ortega Ltd Network,347
"Bennett, Foster and Nixon Network",489
"Stevens, Lopez and Doyle Labs",270
Roberts LLC Studios,237
"Mccarthy, Vasquez and Mccormick Studios",281
Rice Inc Studios,384
"Holder, Richardson and Colon Studios",255
Simmons-Love Labs,357
"Warren, Hill and Fischer Network",345
"Perez, Golden and Singleton Studios",466
Farrell-Meyer Studios,293
Kaufman-Parker Hub,328
Harvey-Miller Hub,304
"Erickson, Davis and Henry Studios",182
"Li, Jordan and Shaw Network",162
Hughes-Rogers Network,480
"Romero, Meyer and Dominguez Network",362
Giles-Perez Studios,270
Parker-Berg Labs,180
Harding-Williams Studios,408
Young and Sons Studios,83
"Hernandez, Henderson and Ibarra Labs",490
Thompson and Sons Studios,431
"Walters, Ingram and Garrett Studios",219
Patel-Rose Labs,82
Kim Inc Labs,74
"Griffin, Mata and Duke Network",214
Clark PLC Network,231
Gallagher-Taylor Studios,108
Rocha Ltd Labs,246
Adams Group Hub,282
Bass LLC Hub,255
Riley-Jimenez Network,176
Silva LLC Hub,54
"Bond, Guerra and Stewart Studios",481
Jacobson Group Studios,182
Rogers Group Studios,409
Leonard-Whitehead Hub,189
Whitney-Weiss Hub,292
"Simpson, Lopez and Reynolds Labs",456
Jones PLC Studios,442
Wilson-Taylor Network,112
Solis-Kirk Labs,457
Fields Inc Hub,339
Chavez Inc Labs,224
Ford-Martin Studios,86
"Scott, Duncan and Peterson Hub",324
Mccall PLC Hub,399
Hughes Group Labs,180
Shea and Sons Labs,120
"Weiss, Braun and Martinez Studios",172
Lynn and Sons Labs,421
"Nelson, Sanders and Gutierrez Labs",123
Fitzgerald-Bush Hub,97
"Campbell, Watson and Boyd Labs",412
"Hopkins, Donovan and Taylor Hub",215
Hernandez PLC Studios,415
Robinson-Fischer Labs,101
"Jackson, Perkins and Thompson Hub",480
Brown Ltd Studios,271
Taylor LLC Labs,489
Morales-Jenkins Labs,467
"Smith, Armstrong and Smith Hub",472
"Meadows, Ward and Perez Hub",430
"Daniels, Brown and Taylor Labs",365
Arnold-Robinson Labs,94
Mitchell-Ibarra Network,205
Gentry Group Hub,104
"Nguyen, Maldonado and Nelson Network",288
Bryant Group Labs,323
Todd Ltd Hub,173
"Weaver, Chang and Powers Studios",165
"Chavez, Flores and Spencer Studios",243
Compton and Sons Studios,142
"Rojas, Warren and Cooper Studios",101
Gonzales and Sons Network,497
"Johnson, Sanchez and Duncan Labs",198
Brown-Lozano Network,467
Orr PLC Hub,98
"Miller, Andrews and Kelly Hub",257
Johnson-Kennedy Hub,469
"Nelson, Cantrell and Richardson Labs",415
Brooks-Juarez Hub,462
"Browning, Lutz and Neal Network",236
Wallace LLC Hub,330
Walker-Wilson Studios,352
Schmidt-Adams Hub,434
"Fuller, Haynes and Potter Network",145
"Raymond, Patel and Jones Studios",151
Kramer Group Network,111
Griffin-Thomas Labs,491
Gordon PLC Labs,52
"Stewart, Santiago and Huang Studios",380
Gordon PLC Hub,187
Obrien PLC Labs,236
Lang-Whitney Network,177
Ward Group Network,308
Austin LLC Network,451
Young-George Studios,310
Boyle-Hernandez Hub,209
Lewis PLC Hub,60
Andrews-Kennedy Labs,307
"Jones, May and Wallace Hub",257
Bell-White Studios,198
"Howell, Beck and Sweeney Hub",347
Meyer-Cunningham Network,75
Espinoza Group Labs,405
Hall-Smith Studios,397
Green Group Hub,296
"Mahoney, Sullivan and Murray Studios",371
"Stevens, Velez and Martinez Network",369
"Holland, Burke and Espinoza Network",208
Garcia Ltd Labs,105
"Meyer, Cunningham and Ayala Labs",359
"Davis, Harper and Meyer Hub",229
Taylor Inc Labs,319
Jones LLC Hub,374
"Robinson, Ferguson and Gomez Hub",188
"Fuller, Perkins and Flores Hub",134
Shepherd-Solis Hub,197
Walker-Murphy Hub,226
Johnson Inc Labs,317
Mcknight PLC Hub,94
Foster-Moore Hub,264
Mcguire Inc Hub,202
Rodriguez-Sullivan Studios,285
"Gonzales, Hall and Villarreal Network",438
Brown-Pierce Network,390
Baker PLC Studios,201
Williams and Sons Hub,224
"Lambert, Armstrong and Bradford Studios",208
"Russell, Smith and Bennett Studios",476
Coleman Ltd Studios,442
Thomas-Horn Labs,161
"Galvan, Brown and Rodriguez Labs",466
Johnson PLC Studios,271
"Williams, Burgess and Peterson Labs",423
Hansen and Sons Labs,416
"Floyd, Lynn and Hawkins Network",158
"Woods, Ray and Church Labs",111
"Mcneil, Schmitt and Martinez Labs",237
Gentry-Baker Network,225
Rodriguez-Patel Labs,59
Adams Ltd Network,362
"Pham, Barnett and Shepherd Labs",76
Stevens Inc Network,166
Lynch-Hayes Labs,174
Dunn Group Network,403
Townsend Inc Labs,289
Sanchez LLC Studios,152
Mckinney Ltd Labs,352
Mcdaniel and Sons Hub,494
"Davidson, Townsend and Ford Labs",492
Smith-Cross Studios,96
"Rogers, Miller and Andrews Network",267
Griffith-Collins Network,219
"George, Mendoza and Cohen Studios",360
"Hernandez, Lyons and Williams Labs",113
"Collier, Williams and Griffin Hub",68
"Hansen, Bell and Medina Labs",242
"Lawrence, Villanueva and Kelly Studios",150
Pratt LLC Studios,137
Ramirez-Gibson Studios,455
"Alvarez, Wheeler and Galloway Hub",235
Moreno-Tran Labs,130
Morrison Inc Labs,282
Navarro-Allen Hub,469
Duran-Mcgee Studios,404
"Sullivan, Parker and Webster Hub",362
Gray-Gonzalez Hub,131
Alvarez Inc Network,344
Vazquez PLC Labs,281
"Garcia, Ward and Bailey Hub",219
Murphy and Sons Studios,92
Petty-Miller Hub,484
"Tyler, Mendoza and Mcdaniel Hub",258
"Miranda, Young and Warren Studios",369
Gray-Craig Network,71
Yates-Reid Labs,429
Perez-Erickson Hub,399
"Hahn, Mcclure and Johnson Labs",445
Nelson-Murray Hub,84
"Sloan, Mahoney and Yates Network",227
Brown PLC Hub,68
Phillips LLC Network,496
"Gonzales, Knapp and Gillespie Studios",489
Jones Inc Hub,433
Jordan and Sons Hub,208
"Harris, Aguilar and Dunn Studios",74
Church-Ray Hub,457
Bailey LLC Studios,356
Thomas-Guerrero Network,463
Valentine and Sons Network,57
"Lawrence, Trujillo and Nelson Network",88
Williams LLC Hub,191
"Haas, Irwin and Brown Hub",426
Williams LLC Network,108
"Nichols, Watkins and Taylor Studios",321
"Farley, Chambers and Hebert Studios",391
Martinez-Anderson Hub,96
Jones-Carroll Labs,224
King and Sons Studios,435
Mitchell-Patel Network,52
"Young, Ryan and Brown Labs",367
"Brown, Jenkins and Mann Labs",75
Hampton Ltd Network,481
"Knight, Davis and Tran Network",285
"Martinez, Brown and Roach Hub",326
"Shields, Jones and Harrell Studios",243
Rogers-Schultz Labs,412
"Pierce, Palmer and Hubbard Labs",451
Washington Ltd Hub,241
"Morse, Rodriguez and Rodriguez Hub",129
"Robertson, Chapman and Miller Studios",326
Livingston-Ramirez Hub,246
Thompson-Brock Hub,474
"White, Obrien and Lewis Studios",74
Wilson-Smith Network,113
Mullen-Swanson Studios,153
"Curtis, Roach and Stevens Studios",129
Burns-Garrison Network,81
Garcia-Dodson Labs,292
Fields-Harmon Studios,287
Smith-Harris Studios,294
Morgan-Morris Labs,125
Gordon and Sons Hub,399
Rivers-Rodriguez Network,203
Martin and Sons Studios,370
"Boyd, Stewart and Madden Studios",349
"Thompson, Roberts and Sampson Network",71
Duncan-Schmidt Hub,284
"Jones, Brown and Anderson Hub",325
Moore-Baker Studios,316
Edwards Inc Labs,61
"Small, Hogan and Stephenson Hub",314
Manning PLC Network,332
Todd Ltd Studios,84
Miller-Meza Network,397
"Blake, Case and Li Hub",235
Watson Group Studios,71
Byrd-Lewis Studios,277
"Coffey, Baker and Hayes Labs",341
Castro-Miller Studios,204
Miller-Castillo Labs,470
"Byrd, Church and Cruz Hub",67
Gonzales LLC Labs,306
Ward-Ray Network,94
"Cervantes, Lopez and Smith Studios",194
Lambert-Garcia Network,175
"Vargas, Hill and Mack Hub",235
"Griffin, Jackson and Hester Studios",277
Stephens Inc Labs,327
Adkins-Miller Hub,218
"Reynolds, Torres and Mitchell Network",393
"Dillon, Thompson and Clark Hub",109
"Johnson, Underwood and Compton Network",140
Hogan-Becker Hub,280
Dixon Group Hub,332
"Leach, Hopkins and Osborne Labs",443
Hartman-Davis Studios,104
Casey-Newton Network,81
"Robinson, Kelly and Erickson Studios",225
"Lee, Robinson and Lopez Hub",121
Stephens Inc Network,485
Thompson Group Labs,215
Bass-Bright Network,356
"Harper, Young and Garza Hub",490
"Boone, Lane and Barnett Network",339
"Dunn, Miller and Haley Hub",234
"Hartman, Scott and Leblanc Hub",184
Salazar Inc Hub,375
"Evans, Newton and Perez Hub",120
Little Group Studios,361
Young Group Labs,492
Copeland-Ball Studios,266
Butler PLC Hub,152
"Edwards, Rice and Lam Hub",343
"Roberts, Castro and Morris Studios",298
Walls Inc Hub,56
Chang-Diaz Network,180
Terry LLC Hub,388
Miranda-Harrington Labs,457
Cook-Miranda Labs,366
"Garcia, Yang and Rose Hub",495
Rodriguez-Fox Network,408
Meadows PLC Network,277
Arellano-Atkinson Hub,174
Davis-Wilson Hub,223
Sandoval-Stone Hub,417
Thompson-Vargas Studios,397
Nelson Ltd Studios,256
"Perez, Brown and David Studios",478
Brown-Lloyd Hub,466
Mcclure LLC Hub,230
Allen Group Studios,108
George Group Network,464
Flores LLC Hub,97
"Aguirre, Martinez and Meyer Labs",207
Johnson Group Studios,209
"Ray, Mckenzie and Cameron Hub",122
Blake-Chang Studios,229
Jones Ltd Studios,307
"Williams, Nelson and Harrington Network",124
Robles-Campbell Hub,470
"Mann, Mathis and Li Labs",285
Robinson-Wheeler Studios,127
George and Sons Studios,409
Barton Group Labs,424
Thomas and Sons Labs,164
Schwartz Ltd Network,133
Wilson-Butler Hub,54
"Peterson, Moyer and Murphy Hub",169
Watson Group Network,380
"Barker, Luna and Wright Hub",402
Thompson-Fields Labs,312
"Vega, Thompson and Bryant Studios",141
"Gonzales, Roberts and Key Network",443
Reed PLC Studios,135
Lamb PLC Network,336
Garrett-Buchanan Studios,228
Hill-Smith Network,223
"Rhodes, Kelley and Cohen Hub",446
"Williams, Allen and Barnes Hub",145
Smith Inc Network,428
Allen PLC Network,460
Alexander-Vega Labs,463
Murphy-Smith Hub,479
Davis LLC Studios,434
"Williams, Smith and White Labs",450
Chavez LLC Hub,168
"Wright, Gomez and Pierce Hub",253
Lee-Choi Studios,65
"Bennett, Brown and Wong Network",278
"Sanchez, Jackson and Miller Studios",172
"Allen, Richardson and Beasley Studios",233
Garcia Inc Labs,437
Hurley LLC Labs,479
Ford-Perez Studios,224
Hubbard PLC Studios,164
Patrick-Caldwell Network,463
Chen Group Studios,117
George Group Network,297
Phillips Ltd Studios,86
Hart Group Hub,350
Kirk-Benjamin Studios,253
Coleman-Robinson Hub,150
Villanueva-Phillips Studios,123
"Jones, Cannon and Russell Labs",76
Rowe-Arias Network,423
Fernandez-Lloyd Network,185
Duke-Munoz Network,173
Sanders-Miller Labs,122
Perez PLC Studios,479
"Mack, Wilson and Gardner Studios",305
Bishop-Ramirez Studios,232
"Johnson, Gonzalez and Johnson Labs",265
"Herman, Long and Martinez Hub",446
Gray-Mendoza Studios,323
Woods and Sons Studios,242
"Atkins, Reese and Foster Network",197
Burnett and Sons Hub,405
Williams-Hall Studios,307
Pugh Ltd Hub,203
Morris-Santos Studios,59
"Ochoa, Ortega and Hutchinson Hub",228
Martin Inc Labs,76
Allen Inc Hub,189
"Gonzalez, Williams and Schultz Network",208
Hale-Schmidt Labs,366
Guerrero LLC Network,154
Murphy Ltd Studios,109
Kelly-Ayala Network,441
Moore LLC Network,267
Harrington and Sons Network,445
Jones-Reyes Labs,85
Williams-Ibarra Network,266
"Richardson, Church and Adkins Hub",347
Whitney-Duke Network,387
Hickman-Harrington Network,274
"Mason, Butler and Howell Labs",475
"Ramirez, Mcgee and Bowman Network",142
Gonzalez LLC Studios,104
Clark-Freeman Studios,391
Williams LLC Network,156
Johnson LLC Studios,424
"Freeman, Howard and Lee Labs",69
Cobb-Schaefer Labs,342
Andrews Ltd Hub,81
"Barber, Garcia and Johnson Network",260
White-Mcdowell Studios,58
Ramirez PLC Studios,251
"Wheeler, Hayes and Hale Hub",55
Patel-Allison Hub,273
Stafford and Sons Hub,360
"Sims, Robinson and Brown Hub",347
Meyer-Morris Network,468
Brown Ltd Labs,84
Andrews and Sons Hub,287
Osborne Ltd Labs,462
Mcgee-Aguilar Studios,462
"Roy, Schwartz and Ford Network",249
"Brown, Walker and Sparks Studios",372
Mccormick-Jackson Network,226
Shaw-Medina Labs,211
"Richard, Johnson and George Hub",54
Castillo-Nunez Studios,306
"Caldwell, Ford and Lewis Studios",81
"Morales, Jones and Cabrera Hub",196
Jones-Collins Labs,220
Griffith-Owen Labs,227
Olson-Perez Hub,109
Murphy-Mullins Studios,211
Herman Inc Labs,499
Boyd PLC Network,136
"Clark, Scott and Walker Labs",143
Mason-Mitchell Hub,143
Jones and Sons Hub,248
"Nolan, King and Dickson Labs",288
Woods and Sons Network,491
Green Ltd Hub,465
Sanchez-Atkins Hub,275
Lara and Sons Labs,220
Brown-Hernandez Hub,107
Stevenson-Bernard Labs,381
Payne and Sons Hub,169
Torres-Brown Hub,172
Shields Group Hub,438
"Stone, Becker and Torres Studios",418
Conrad-Howell Studios,420
Rojas-Snyder Studios,351
"Harrington, Brown and Brown Network",415
Flowers-Gomez Studios,248
Randolph-Thompson Labs,380
"Levy, Buckley and Williams Studios",160
"Gould, Smith and Gonzalez Studios",475
Bailey PLC Hub,209
Fields-Olson Network,297
Mccarthy-Fernandez Hub,205
Delgado Inc Network,382
Cruz Group Hub,156
"Mcgee, Kennedy and Tapia Labs",104
"Goodwin, Walls and Waller Labs",337
Becker PLC Hub,490
Meyer Inc Hub,277
"Parrish, Diaz and Johnson Network",114
Curtis-Bell Hub,327
"Jacobs, Salazar and Walker Hub",258
"Johnson, Smith and Estrada Studios",218
Mclaughlin-Maddox Studios,75
Smith Group Hub,100
"Evans, Brown and Zhang Network",293
Huff-Davis Network,221
Patrick-Baker Hub,399
"Dennis, Jones and Bowman Labs",362
Perry-Davis Network,466
Stewart PLC Studios,369
"Sullivan, Sullivan and Martin Hub",352
Turner Inc Hub,463
"Smith, Bean and Ferguson Studios",260
Miller Group Studios,158
Banks and Sons Hub,249
Buckley-Benjamin Labs,252
Trevino Group Labs,438
Mathis-Wilson Studios,401
Burnett-Newton Studios,233
"Duncan, Brown and Lloyd Labs",437
Jacobson-Williams Studios,212
Bowers-Kirby Network,324
Taylor-Wilson Labs,475
Powell-Knight Hub,403
Juarez and Sons Studios,196
Peters-Schmidt Labs,485
"Hester, Carr and Sanders Network",62
Gutierrez LLC Studios,444
"Blackwell, Collier and Lee Labs",135
Leonard Inc Network,327
Jones-Garner Labs,61
Lewis Group Studios,335
"Alvarez, Hall and Stevens Network",304
Brown Ltd Labs,352
"Oconnor, Martinez and Brewer Labs",179
Johnson-Wilson Network,416
Vargas-Valdez Labs,326
Owens-Tucker Network,127
"Ellis, Turner and Morgan Hub",350
"King, Allen and Dunn Labs",185
Martin-Kane Network,373
"Newman, Smith and Jordan Studios",200
Perry Inc Network,196
Marshall PLC Hub,191
Mcdaniel-Mckay Hub,387
Davies-Phillips Network,176
Hernandez-Smith Labs,341
"Suarez, Peters and Wood Network",107
Reed Group Labs,217
"Chen, Brown and Gould Studios",328
"Castro, Smith and Elliott Studios",82
Conway Ltd Studios,494
"Johnson, Patterson and Smith Studios",88
"Cameron, Bishop and Cunningham Labs",126
"Powers, Johnston and Hamilton Labs",370
Gallegos LLC Studios,349
Cooper and Sons Labs,216
"Oliver, Martinez and Alexander Hub",71
"Martin, Hughes and Callahan Labs",487
"Olson, Dennis and Kramer Network",400
Morales LLC Studios,222
Jackson-Cherry Studios,219
Terry-Benson Hub,282
Walters and Sons Network,340
Brown-Patterson Labs,375
Cannon-Hoffman Network,471
Scott-Donaldson Hub,130
Walker LLC Hub,479
Madden-Taylor Hub,87
Roberts and Sons Labs,327
Scott and Sons Labs,231
Nichols-Smith Labs,351
Morales PLC Hub,357
"Miller, Garrett and Foster Labs",56
Anderson-Garcia Network,119
"Reyes, Holmes and Miller Labs",122
Kane PLC Labs,81
Arnold-Edwards Labs,163
Nelson-Woodard Hub,107
Morales and Sons Hub,334
Haley and Sons Labs,120
"Oneill, Wagner and Rocha Studios",321
Bryant-Kelley Hub,93
"Wilson, Snyder and Taylor Labs",447
Cobb PLC Hub,253
"Hart, Mcdonald and Nelson Network",100
Stephens Inc Hub,160
Martinez Inc Labs,132
"Williams, Porter and Allen Studios",290
Savage and Sons Studios,328
"Thompson, Bailey and Smith Studios",245
Robertson LLC Network,491
"Schultz, Wilson and Drake Studios",227
"Edwards, Martin and Davis Studios",272
Burnett-Lowe Studios,469
Taylor-Davis Labs,372
Dodson-Copeland Labs,177
Garrison Ltd Studios,486
Kelley Group Studios,248
Phelps PLC Labs,337
Aguilar-Hess Hub,91
Brown Group Labs,191
Powell Ltd Network,263
"Williamson, Rangel and Patel Hub",411
Smith PLC Hub,295
"Holmes, Johnson and Miranda Labs",112
Abbott-Porter Hub,353
Jones Ltd Studios,218
Hammond-Morrison Labs,498
Howard-Perry Labs,123
Evans-Ramirez Hub,396
Ingram and Sons Hub,457
Davis-Coleman Hub,108
Jones-Miranda Network,282
Vasquez Inc Studios,293
"Lewis, Cook and Bray Hub",83
Ellis LLC Labs,254
"Newman, Graham and James Studios",289
Ortega Group Network,185
Mitchell-Hamilton Labs,97
Bartlett-Miller Network,392
Taylor LLC Network,162
Powers-Walker Network,310
Simpson-Walker Network,320
"Pittman, Larsen and Welch Network",305
Brooks-Gomez Hub,177
Blair LLC Studios,204
"Ramsey, Howell and Johnson Network",65
Taylor-Douglas Studios,331
"Hill, Nguyen and Hill Labs",78
Williams-Wilson Hub,413
Ross-Clayton Labs,85
Juarez PLC Network,296
"Cannon, Browning and Gonzalez Labs",361
Marshall PLC Hub,161
Sanders-Fuller Labs,257
"Mckinney, Lee and Garcia Labs",362
Jones-Green Studios,377
Carpenter and Sons Network,409
"Adams, Davis and Hernandez Labs",324
Hudson-Hughes Studios,95
"Roberts, Horton and Morris Network",384
Cisneros Group Network,112
"Simmons, Brown and Barr Studios",284
Taylor-Hoffman Labs,312
"Harvey, Williams and Cordova Hub",54
Charles LLC Network,135
Davis-Morgan Network,376
Walker-Carpenter Labs,238
Sanders-Moore Network,288
"Morris, Santos and Green Studios",154
Hamilton Inc Hub,383
Jenkins-Flores Network,136
Roy-Brown Studios,148
"Adams, White and Boyer Labs",302
Gonzales PLC Hub,307
"Moore, King and Hunt Labs",495
"Johns, Bell and Clark Labs",117
Elliott-Estrada Labs,330
"Pham, Cantu and Jones Network",198
"Ferguson, Thomas and Johnson Labs",388
"Jones, Holden and Morales Studios",50
Jensen-Fritz Labs,340
Harris LLC Hub,51
Torres-Malone Labs,322
Spencer-Arroyo Network,129
Day Group Studios,132
"Greer, Smith and Banks Labs",107
"Johnson, Vance and Harris Studios",254
"Daniels, Gutierrez and Woods Studios",237
"Holden, Conway and Miller Studios",344
"Arnold, Garcia and Harrell Labs",178
Farley and Sons Hub,187
Williams-Henderson Labs,346
Phillips LLC Network,471
"King, Davis and Howell Studios",209
"Phillips, Johnson and Wilson Labs",286
Harper-Li Studios,389
"Woodward, Russell and Landry Labs",397
Collins-Clark Hub,377
Vance and Sons Network,481
Carroll-Garcia Hub,426
Campbell-Murillo Labs,318
Green-Moreno Network,401
Hernandez-Woods Labs,390
"Mendoza, Watson and Duarte Studios",125
Grant Inc Studios,51
"Mccormick, Alvarado and Rangel Hub",72
"Hernandez, Williams and Todd Hub",103
"Martinez, Jones and Morgan Hub",172
Pittman and Sons Network,415
Turner Group Labs,412
Stokes-Esparza Hub,415
Haas-Harvey Labs,259
Benson LLC Hub,118
Hernandez-Taylor Hub,61
Rios PLC Hub,99
"Ware, Meyer and Kennedy Hub",355
Robinson and Sons Studios,460
Guzman and Sons Studios,115
Wade and Sons Hub,412
"Wong, Smith and Meyer Labs",120
"Michael, Rodriguez and Park Labs",124
"Hill, Cooper and Sherman Studios",191
"Shepherd, Wheeler and Smith Hub",96
Santana-White Labs,310
"Guerrero, Smith and Raymond Hub",390
Phillips-Holland Network,109
Walsh-Hutchinson Hub,286
Blake Inc Labs,486
Brown and Sons Hub,114
Robertson-Carroll Studios,116
"Alvarez, Walker and Walker Labs",56
"Mcdonald, Marshall and Williams Labs",243
"Best, Johnson and Jackson Network",93
"Chavez, Craig and Ferguson Labs",275
"Clark, Goodwin and Smith Labs",374
"Jordan, Phillips and Hardy Studios",450
Hunt-Lee Studios,285
"Wilkinson, Stone and Ramsey Studios",221
Stokes and Sons Hub,91
"King, Schwartz and Yang Studios",111
"Patel, Melendez and Graves Labs",359
"Marquez, Fitzgerald and Davis Studios",198
Bowers LLC Hub,240
Hardy and Sons Hub,219
Bush PLC Network,303
Mcmahon PLC Hub,321
Leblanc-Wiggins Studios,243
"Long, Jones and Lopez Hub",297
Taylor LLC Labs,53
"Weaver, Hill and Jackson Studios",415
"Haas, Thomas and Hobbs Labs",62
"Romero, Butler and Powell Labs",438
"Hamilton, Gonzales and Diaz Network",451
Kelly Ltd Studios,235
Brewer LLC Studios,437
Hudson-Johnson Studios,289
Gross LLC Hub,91
"Smith, Coleman and Taylor Labs",113
Hill Ltd Network,478
Murphy-Simpson Studios,193
"Flores, Williamson and Ortiz Studios",383
"Jones, Luna and Mccoy Labs",393
Martin-Yates Studios,414
Bishop LLC Network,178
Berry PLC Labs,161
"Tucker, Perez and Ramos Hub",467
"Woodward, Burns and Smith Labs",258
Alexander-Fritz Network,386
Malone-Knapp Studios,136
Liu PLC Labs,263
"Roy, Rice and Jones Network",344
Fernandez PLC Studios,465
"Martin, Cruz and Rios Studios",133
Shaw Ltd Hub,408
Lee-Robinson Studios,85
Guzman LLC Labs,407
Jackson Group Studios,227
"Burgess, Davis and Gay Network",498
Ware Inc Hub,224
Church Group Labs,320
"Serrano, Goodwin and May Studios",395
Rosario Inc Labs,431
Ford-Thompson Studios,82
Sullivan LLC Hub,306
"Mckay, Johnson and Martin Hub",65
"Watson, Roberts and Bowen Hub",127
Day Group Labs,84
Hamilton-Clay Labs,280
Manning Group Network,275
Tran-Thompson Labs,116
Harrington-Stanley Network,213
Evans-Guzman Network,425
Randolph Ltd Studios,192
Murray Inc Network,85
Anderson LLC Network,290
Mcintyre-Pierce Hub,212
"Mccormick, Robertson and Smith Network",331
"Summers, Velasquez and Gordon Network",119
Clay Group Network,166
Norris LLC Studios,340
Yang PLC Network,307
"Lewis, Johnson and Clements Studios",217
Blackburn and Sons Studios,228
"Taylor, Stone and Munoz Hub",182
"Sanchez, Brooks and Smith Studios",314
"Harvey, Jones and Thompson Labs",241
Mueller-Craig Studios,73
Lawson-Robinson Labs,479
Ross-Pierce Network,418
"Farmer, Brown and Serrano Hub",329
Carter-Moran Studios,407
Webb Group Network,488
Bolton PLC Network,385
Brown-Wise Network,449
Li-Nielsen Hub,317
Dunn Inc Labs,208
"Thomas, Harris and Allen Network",485
"Allison, Walker and Miller Labs",316
"Hayes, Jones and Moran Hub",211
Owen-Willis Network,141
Rodriguez Inc Network,265
Williams-Mills Labs,76
"Macdonald, Foster and Allen Labs",152
Nelson-Nelson Labs,443
"Lucero, Powell and Taylor Studios",72
Villa LLC Network,255
"Baldwin, Rhodes and Hodges Network",308
"Bean, Murphy and Cherry Network",483
Larson Inc Labs,147
Allen Group Studios,392
"Gilmore, Jones and Robinson Labs",442
Williams and Sons Labs,178
Adkins Inc Network,225
Moss Ltd Network,349
Hernandez LLC Studios,253
Smith and Sons Labs,454
Sanchez-Ortiz Labs,429
"Gates, Peterson and Wright Studios",492
"Wade, Guerrero and Smith Studios",439
James Inc Network,66
Simpson-Williams Studios,103
"Stevenson, Pennington and Hooper Network",409
Perry-Wall Hub,389
Morris and Sons Hub,114
"Black, Gonzales and Cruz Network",86
"Olson, Nelson and Clarke Network",246
"Rodriguez, Barry and Edwards Labs",398
Nunez and Sons Hub,58
Brock PLC Hub,206
Stewart Inc Network,92
Miles-Mcintyre Hub,428
Nash LLC Network,376
Floyd and Sons Studios,79
Cain-Taylor Labs,261
Hicks-Watson Network,340
"Herrera, Cummings and Merritt Network",302
Ross and Sons Studios,293
Patrick-Richards Labs,467
"Mason, Thomas and Walter Studios",409
"Willis, Moore and Wilson Hub",226
Santana-Blackwell Network,338
Stout Group Studios,186
Stanley PLC Studios,212
Simmons Inc Hub,334
English LLC Hub,90
Hunter-Walker Studios,340
Rowe-Hartman Network,452
Robinson-Baird Hub,177
Zimmerman and Sons Studios,429
Green Group Studios,193
Graham-Silva Hub,375
"Harvey, Brown and Mitchell Network",208
Roberts Inc Labs,253
"Spencer, Gonzalez and Thomas Hub",115
"Davenport, Bradford and Moore Network",57
Crawford-Miller Studios,441
Medina-Oliver Network,427
Rojas-Lara Hub,471
Callahan and Sons Studios,291
Peterson PLC Labs,137
Lowery-Russo Hub,347
"Hernandez, Smith and Wade Studios",351
Schultz and Sons Hub,220
Buchanan-Hawkins Network,355
Johnson-Wood Studios,441
Mathews-Dillon Network,337
Fisher-Arnold Network,480
Dunlap LLC Hub,398
"Bolton, Christian and Phillips Network",356
Brady Inc Studios,380
Harris-Mcconnell Network,344
"Fields, Frederick and Jones Network",378
"Phillips, Herrera and Moreno Studios",146
Simmons-Harvey Studios,56
Torres LLC Hub,342
"Fisher, Flores and Garcia Studios",271
"Brown, Sanchez and Gonzales Network",423
Rodriguez-Gonzalez Studios,364
May Ltd Labs,470
Martinez PLC Hub,98
Mays PLC Network,330
Howell-Ortiz Hub,98
"Myers, Dominguez and Stout Hub",362
Lawrence Ltd Labs,253
Mcbride Group Labs,406
"Abbott, Higgins and Smith Labs",356
Thompson PLC Hub,484
"Adkins, Rogers and Anderson Labs",433
"Soto, Butler and Smith Labs",162
"Phillips, Dalton and Green Hub",75
"Vega, Flores and Salazar Hub",206
"Wells, Mooney and Daniels Hub",432
Baxter-Smith Labs,165
Pierce PLC Hub,371
"Moore, Carroll and Harmon Hub",392
Schaefer-Potter Studios,133
Lee Group Labs,258
"Holland, Zavala and Jefferson Hub",169
Stafford-Miller Labs,67
"Sandoval, Roberts and Jones Labs",281
Williams-Flores Studios,316
"Griffin, Rodriguez and Jones Network",317
Rivera PLC Studios,204
Guerra Group Labs,474
"Miranda, Jones and Rios Labs",135
Phillips-Davis Hub,349
Gray-Rodgers Studios,349
Chen Group Studios,114
Crawford-Miller Network,317
Santos-Wilkins Labs,171
Harrell Inc Network,154
Gallagher-Clark Hub,409
Lynch and Sons Labs,157
"Mcdonald, Parker and Harper Hub",189
Brown Group Studios,484
Hill-Meza Labs,103
Brown Ltd Hub,55
Mitchell-Reid Hub,163
Holmes Ltd Labs,331
Mitchell-Willis Hub,486
"Valenzuela, Sullivan and Warren Labs",62
"Wallace, Willis and Patton Labs",481
Williams-Allen Hub,289
"Maddox, Chase and Mccullough Labs",236
Gray-Russell Labs,327
Woods-Miller Hub,225
"Cantrell, Ryan and Armstrong Studios",403
"Alvarez, Wallace and Bradley Hub",184
"Blackburn, Santana and Buckley Hub",69
Melendez-Robles Labs,247
"Cross, Santos and Rasmussen Labs",365
Martin Ltd Hub,184
"Collier, Curtis and Simmons Labs",55
Willis-Richards Studios,183
Green-Jackson Studios,499
"Hull, Burke and Robinson Network",452
Valenzuela and Sons Network,493
Briggs LLC Network,370
Dean Inc Network,395
Jennings-Henry Labs,303
Howard LLC Hub,52
"Saunders, Ball and Curry Network",165
Allen-Le Studios,291
"Nelson, Mcintosh and Fischer Labs",233
Liu LLC Network,426
Lindsey-Payne Network,80
Williams LLC Labs,301
Webb Ltd Network,273
Hernandez Inc Network,449
Jones Inc Hub,433
James-Kim Hub,257
Wagner-Davis Hub,98
Tran-Stephens Network,342
Lambert-Williams Hub,179
"Thomas, Moore and Lyons Network",349
Crane-Henderson Labs,313
Edwards-Myers Studios,124
Acosta-Andrews Studios,372
"Taylor, Leach and Thompson Studios",288
Sims-Adams Labs,493
"Brooks, Jones and Small Studios",279
"Miller, Berry and White Labs",434
"Bryant, Brooks and Taylor Network",312
"Snow, Dawson and Valenzuela Network",294
Sexton-Forbes Network,407
Carr and Sons Studios,121
Coleman PLC Studios,162
"Johnson, Sheppard and Sanchez Studios",229
Black Group Studios,348
Shannon and Sons Labs,328
Moyer-Golden Network,123
Schwartz-Nelson Studios,52
Heath and Sons Hub,239
Johnson-Williams Labs,331
Berger Inc Labs,278
"Potter, Henry and White Network",492
Brennan Ltd Studios,113
Vargas-Lewis Labs,263
"Miller, Green and Houston Labs",307
Smith and Sons Studios,339
Nelson PLC Studios,363
"Watson, Nelson and Johnson Network",150
"Washington, Brown and Carroll Studios",330
Sanchez LLC Labs,64
"Brown, Huang and Stone Studios",141
"Scott, Sanchez and Rivera Labs",470
Diaz Group Labs,76
Moore LLC Hub,483
"Bennett, Perkins and Johnson Hub",229
"Ortiz, Foster and Young Labs",131
"Peters, Flores and Davenport Labs",222
"Johnson, Kelly and Davis Network",58
"Wilson, Vasquez and Castillo Hub",266
Nguyen-Phillips Network,432
Bradford LLC Network,275
Myers Inc Network,296
"Reeves, Hughes and Martin Network",273
"Simmons, Pitts and Foster Studios",432
"Navarro, Curtis and Shaffer Network",244
"Rodriguez, Rivera and Martinez Studios",240
Richardson LLC Studios,305
Reynolds-Dixon Hub,172
"Velazquez, Howe and Diaz Studios",202
Galloway-Thomas Studios,253
Jackson Ltd Labs,157
Mann-Patterson Hub,126
Hansen-Merritt Network,294
Vargas Group Labs,482
Dunn-Perez Labs,270
"Gilbert, Moyer and May Studios",489
"Skinner, Miles and Wood Studios",409
"Gilbert, Hardin and Adams Studios",498
"Figueroa, Perez and Jones Network",271
"Pham, Arnold and Steele Labs",433
Heath-Aguilar Labs,206
Moore Group Studios,73
"Smith, Mccoy and Fernandez Studios",165
Joseph LLC Studios,341
Brown Group Hub,67
"Stewart, Reynolds and Evans Labs",284
"Bates, Powell and Torres Labs",452
"Bauer, Carey and Norton Labs",152
Miranda Ltd Studios,120
Pierce PLC Hub,152
Parker-Harvey Network,465
Contreras-Charles Studios,172
Dawson-Anderson Studios,114
Shepherd Ltd Studios,470
Clark Group Labs,449
Davis LLC Studios,346
Castillo-Cortez Studios,413
"Bridges, Nelson and Robertson Network",166
"Sampson, Miller and Fisher Labs",490
Martinez-Shepard Network,78
"Kelly, York and Miller Studios",296
Vaughn-Mckinney Labs,240
"Tran, Riley and Johnson Studios",443
Johnson-Armstrong Labs,276
Wilson-Rodriguez Labs,398
Stone-Baker Labs,169
"Stevenson, Taylor and Rodriguez Studios",243
Gomez-Lopez Studios,400
Jensen Ltd Labs,416
"Obrien, Black and Bryant Hub",343
"Morales, Stevenson and Thompson Hub",416
Skinner-Tate Hub,410
Parks LLC Network,285
"Giles, Miles and Odonnell Network",483
Case LLC Labs,365
"Thomas, Porter and Bennett Network",211
Taylor-Ho Network,86
"Randall, Carpenter and Trujillo Network",309
Gonzalez Inc Hub,381
Robinson Ltd Studios,354
Norton Group Labs,146
Manning-Palmer Studios,212
Yoder-Cohen Hub,189
Howard Inc Studios,331
Hoffman-Collins Studios,398
Cobb-Wright Network,144
Benson-Davis Studios,472
Hill Group Hub,259
"Hansen, Henderson and Rivera Hub",59
Brown-Jackson Labs,426
Johnson LLC Hub,53
"Gallagher, Jimenez and Chavez Network",106
Robinson-Miller Studios,91
Sanchez-Martin Studios,72
"Hill, Yates and Wilson Network",200
"Ward, Griffin and Griffith Hub",193
"Cox, Clay and Mitchell Network",95
Briggs Group Labs,60
Nelson-Miller Studios,215
Myers-Arnold Studios,107
Sullivan Ltd Network,158
"Salazar, Roberts and Whitehead Network",432
Collins Inc Hub,479
"Robbins, Snow and King Network",197
Jones-Garza Labs,179
Silva PLC Studios,160
Cervantes PLC Hub,360
Pena Ltd Studios,94
"May, Jones and Stephens Labs",380
"Smith, Huerta and Hernandez Network",54
Rodriguez Ltd Hub,280
Webster Ltd Studios,140
Trujillo-Martinez Studios,92
"Franco, Roberts and Abbott Studios",368
Munoz-Cunningham Labs,412
"Browning, Cox and Martinez Hub",208
Gray PLC Network,389
"Francis, Martinez and Dickson Studios",183
"Garcia, Long and Cline Labs",398
Newman-Taylor Studios,160
"Castro, Craig and Blanchard Labs",364
Williams Inc Studios,472
"Wall, Gray and Ellis Labs",486
Harper-Choi Studios,460
Waller-Rice Hub,179
Daniels-Hicks Studios,317
Bryan-Diaz Network,83
Thornton Ltd Labs,119
Stevens-Adkins Labs,312
Zimmerman Inc Labs,309
Hill Group Hub,393
Cook and Sons Hub,260
Smith Inc Network,276
"Kelly, Ryan and Mullen Studios",458
Dean PLC Network,249
"Nelson, Mccarthy and Buckley Studios",120
Davis PLC Studios,283
"Austin, Stone and Blair Studios",476
"Barnett, Padilla and Figueroa Studios",297
Hicks-Glenn Labs,141
"Phillips, Rogers and Davis Hub",450
Edwards-Perry Studios,227
Shepard-Larson Network,400
"Hunter, Howe and Henderson Hub",312
Clarke LLC Studios,298
Ortega-Vance Studios,309
Bray PLC Hub,492
Banks PLC Labs,132
Kennedy-Cruz Studios,356
Wilson PLC Labs,251
Randall Inc Network,442
"Scott, Wolf and Cole Labs",249
Patel-Stevens Studios,362
"Lyons, Baker and Carlson Studios",484
Wilkerson Inc Network,464
Thompson LLC Studios,429
Irwin PLC Network,362
"Lee, Buchanan and Smith Labs",72
Ramirez-Simpson Studios,469
Chandler-Garcia Labs,103
Jenkins PLC Studios,126
"Aguilar, Howard and Bradford Studios",186
"Stanton, Stone and Wright Network",303
Martinez-Hudson Hub,409
Williams-Hunt Hub,113
Decker PLC Hub,309
Green and Sons Studios,175
"Larson, Nguyen and Ross Network",142
Jones-Jones Hub,156
Williams Inc Network,424
Levy-Hodge Studios,309
Oconnell-Garcia Network,266
Wilson LLC Studios,391
Meza-Castro Labs,348
"Phillips, Escobar and Khan Hub",250
"Ortiz, Gates and Mitchell Labs",382
"Hoffman, Atkinson and Turner Studios",84
"Jones, Miller and Johnson Studios",164
Turner Inc Studios,67
Evans Group Labs,252
Alvarado Ltd Network,73
"Williams, Mitchell and Payne Hub",366
Bowman-Santos Network,81
"Nelson, Smith and Carlson Hub",466
"Moss, Jones and Nelson Network",113
Myers-Hill Labs,380
Ramos-Wilson Hub,392
"Scott, Barrett and Cook Studios",476
Wallace-Shaw Studios,449
Garcia Group Hub,63
Green LLC Labs,102
Harris-Perry Network,180
Sweeney Inc Studios,166
"Evans, Rogers and Malone Labs",100
"Lawson, Combs and Elliott Studios",84
"Garcia, Williams and Fuller Studios",333
Olsen Ltd Labs,171
"Singh, Simpson and Hudson Network",112
Smith Ltd Network,352
Fitzgerald Inc Network,233
Jennings-Griffin Network,51
Lynch PLC Labs,248
Brown-Bowman Labs,133
Hart Inc Hub,197
"Marshall, Baker and Miller Labs",129
Bowers-Finley Labs,323
Cordova Ltd Labs,496
Adams-Williamson Network,365
Ross-Garcia Studios,123
Walsh LLC Studios,419
Hughes-Cobb Hub,417
Strong and Sons Studios,191
Schultz-Ward Studios,393
Ellis-Nelson Studios,230
May Group Hub,234
Lopez-Cox Labs,297
Wood-Walton Labs,152
"Wilson, Duffy and Sanders Network",325
"Gregory, Thomas and Malone Studios",88
"Brooks, Phillips and Hughes Studios",236
Deleon PLC Studios,156
Russell-Jacobson Network,297
Carlson Ltd Network,263
Woods-Jones Hub,448
Grant-Miller Network,300
Ford Group Studios,411
Roberts and Sons Hub,409
Castillo-Price Network,60
Pruitt Ltd Labs,175
Callahan-Griffin Network,226
Davis-Gentry Network,199
Curry-Phillips Network,383
Ruiz-Olson Labs,418
"Leonard, Martinez and Taylor Hub",180
"Tanner, Robinson and Livingston Network",462
Walker-Garcia Network,234
Ramos-Reed Network,50
Lane PLC Network,372
Williams Group Network,87
"Watts, Hooper and Pearson Studios",480
Duran-Holmes Network,260
Mullins and Sons Studios,205
"Adams, Rhodes and Vega Labs",412
Young-Jones Hub,64
Vaughn-Wilson Labs,119
"Salinas, Ross and Sullivan Labs",387
"Huffman, Morrison and Shelton Hub",388
"Myers, Stewart and Wheeler Labs",468
"Smith, Roberts and Maynard Studios",86
Irwin-Sandoval Hub,242
Foley Group Hub,66
Fletcher-Smith Network,497
Martinez Ltd Studios,465
Giles Inc Labs,199
Moore Group Studios,374
Sullivan Inc Labs,413
"Davidson, Williamson and Pacheco Labs",135
"Holt, Briggs and Gordon Studios",178
Norton and Sons Network,135
"Gonzalez, Pittman and Brown Hub",302
Jones-Griffith Hub,420
Jackson Inc Hub,53
Edwards Ltd Network,241
"Robinson, Hale and Morris Studios",473
"Chen, Mcdaniel and Powers Labs",490
Mosley-Wood Network,389
"Green, Lee and Mann Labs",394
Bennett Group Labs,435
Harding PLC Hub,176
Davis-Bryant Studios,102
"Weaver, Herrera and Garcia Studios",172
Wallace Inc Studios,398
"Lee, Curry and French Network",216
"Kelly, Martinez and Martin Network",312
Strong LLC Network,461
Evans-Cline Labs,369
Rodriguez Group Labs,321
Zimmerman and Sons Studios,421
Davis Ltd Hub,319
Barnes-Wilcox Studios,105
Brown-Miller Hub,75
Sandoval-Rodriguez Labs,225
Campos-Cohen Hub,380
"Spencer, Smith and Huang Studios",183
"Larson, Lopez and Mathis Network",82
"Rogers, Moore and Perry Studios",292
Moore Group Studios,402
"Gregory, Lopez and Harvey Hub",76
"Paul, Anderson and Harris Labs",290
Walker Inc Hub,433
"Johnson, Kelly and Flores Labs",295
Sullivan Ltd Network,83
"Brown, Edwards and Gilmore Hub",269
"Miles, Jacobs and Smith Hub",141
Macdonald Inc Labs,167
Grant-Rodriguez Labs,54
Murphy-Callahan Network,488
"Smith, Cook and Ramos Hub",470
Holland-Miller Studios,310
"Torres, Coleman and Carroll Hub",474
Willis Ltd Network,390
"Black, Chen and Sawyer Labs",391
Schmidt-Sims Hub,427
Davila Ltd Hub,88
"Brennan, Phillips and Rhodes Studios",327
Hancock-Johnson Network,130
Davis Group Network,304
Smith PLC Labs,471
Smith Inc Labs,90
Jennings-Warner Network,248
"Hudson, Hernandez and Erickson Hub",216
"Medina, Jones and Winters Labs",275
Cook-Vasquez Labs,471
Robinson Inc Network,343
"Lawson, Ward and Riddle Hub",312
Joseph-Hutchinson Studios,132
Rodriguez PLC Hub,467
Cole-Contreras Network,365
"Yu, Wolfe and Robbins Studios",165
Horton-Stevenson Network,174
Hoffman-Carpenter Network,312
Williams and Sons Hub,438
"Booker, Williams and Peters Labs",127
"Rodriguez, Suarez and Mendez Studios",354
Avery PLC Studios,411
Bell-Shields Hub,431
"Kelley, Hickman and Evans Studios",431
Jackson-Garrison Labs,250
"Peterson, Dalton and Mckenzie Studios",252
"Smith, Lowe and Duarte Network",246
Moreno-Peterson Studios,95
Johnson-Meyer Labs,274
"Johnson, Grimes and Dunn Network",423
Jimenez LLC Hub,431
"Woodard, Lewis and Garcia Labs",404
Sharp PLC Labs,412
"Chen, Davis and Coleman Labs",353
Todd-Roberts Hub,294
Espinoza LLC Hub,493
Mendez PLC Hub,88
"Dixon, Davis and Schmitt Studios",248
"Smith, Stephenson and Contreras Network",452
"Rivera, Howard and Allen Network",305
"Garcia, Jensen and Smith Studios",343
Ochoa Group Studios,377
"Rodriguez, Mason and Simpson Studios",154
Garcia-Evans Labs,63
Love PLC Hub,268
Smith-Branch Labs,472
"Ramos, Duncan and Patterson Hub",173
Davis-Nichols Labs,348
Carter Ltd Studios,305
Washington Group Studios,88
"Espinoza, Jensen and Anderson Network",53
Arroyo and Sons Studios,438
"Burns, Anderson and Jones Network",302
"Smith, Martinez and Shaw Network",334
Norman and Sons Labs,427
Guerra-Landry Hub,400
Gross-Kim Labs,478
Byrd PLC Labs,205
Patrick-Shelton Network,462
White Inc Network,438
Long PLC Labs,410
Wright-Smith Network,476
"Barajas, Dunlap and Huang Hub",422
Kent-Horn Hub,224
Duncan Inc Labs,481
Sanchez and Sons Studios,142
Hudson LLC Network,50
Bell-Thompson Hub,278
Estrada-Potter Network,461
"Cox, Miller and Rodriguez Network",126
Tucker Ltd Labs,413
Knight-Jackson Studios,392
"Robinson, Valdez and Arias Network",81
"Rodriguez, Torres and Jackson Labs",93
Allen PLC Studios,317
Davis-Rocha Studios,200
Bradley PLC Labs,114
"Parker, Lewis and Nunez Network",499
Nguyen PLC Studios,481
Harrington PLC Labs,484
Pruitt and Sons Hub,171
Collins-Reyes Labs,253
Harrison-Tate Labs,338
Lucas-Davis Labs,333
"Allen, Turner and Hinton Studios",71
Nguyen-Roach Hub,424
Dixon-Lee Hub,287
Villarreal Inc Network,361
"Anderson, Gutierrez and Benson Hub",184
Tanner and Sons Hub,489
"Cain, Robinson and Potter Studios",61
Morgan-Wagner Network,154
Chen Inc Hub,471
Smith LLC Network,444
Baldwin-Bennett Labs,455
Clarke PLC Studios,175
Dixon and Sons Labs,155
Delacruz-Harris Network,276
Campbell LLC Studios,343
Tucker-Fox Studios,438
Nelson-Wells Labs,460
"Andrade, Johnson and Bradley Studios",487
Morris-Lewis Network,332
Mason and Sons Studios,136
"Vargas, Lopez and Robinson Studios",459
"Smith, Mathews and Brown Network",313
Shepard Ltd Studios,418
Levy-Lewis Hub,208
"Rocha, Rogers and Martin Studios",219
Nelson PLC Hub,357
Webster Inc Hub,172
Campbell-Walker Hub,371
"Allen, Peterson and Howard Hub",217
Schwartz-Thompson Network,252
Chandler-Hoover Hub,214
Chen Ltd Hub,494
Brown Group Hub,253
Tucker-Davis Hub,154
Hancock-Singleton Network,104
Smith Inc Labs,317
"Alexander, Guerra and Crawford Hub",86
"White, Miller and Ward Hub",316
"Harris, Ward and Spence Studios",360
Garcia PLC Hub,379
Robinson-Roberts Network,112
"Martinez, Mendez and Dickson Studios",192
"Welch, Hickman and Carson Network",385
Ramirez Ltd Labs,113
"Hampton, Cross and Green Labs",157
Mccullough-Romero Labs,58
Moon-Brown Network,198
"Ibarra, Sherman and Davis Studios",255
Le-Marshall Labs,180
Robinson PLC Labs,408
"Hernandez, Thompson and Ruiz Network",301
Richmond Group Network,191
Watson and Sons Labs,442
"Cohen, Carney and Garrett Labs",154
"Morris, Cortez and Esparza Hub",151
Tucker Ltd Hub,397
Rodgers PLC Studios,476
Arnold-Lucas Hub,479
Pope LLC Network,345
Boyle PLC Studios,117
"Travis, Bates and Bailey Studios",483
Murray and Sons Hub,225
Perez-Bartlett Studios,270
Faulkner PLC Studios,222
Shaw-Cole Network,254
Zimmerman-Jacobs Network,448
Lee and Sons Network,318
Sanders PLC Studios,179
Taylor LLC Network,83
Best PLC Studios,333
Harris PLC Hub,87
Clark PLC Network,202
Valdez-Hubbard Studios,398
"Durham, Garcia and Young Hub",128
Brown-Jones Studios,92
Lewis and Sons Labs,116
Lopez Group Labs,180
Torres-Hunt Network,343
"Hodges, Graham and Walker Labs",457
Curry-Miller Hub,470
Sparks-Thompson Labs,403
"Johnson, Ellis and Smith Studios",277
"Salinas, Medina and Fleming Hub",141
Nelson-Newton Labs,134
"Velazquez, Scott and Stone Studios",262
Perry and Sons Network,483
Dawson-Lee Labs,240
Johnson-Jones Hub,488
Watts LLC Network,399
"Solomon, Dawson and Smith Studios",267
"Benson, Randall and Davis Network",365
Salas-Nelson Studios,460
"Garrett, Ramirez and Wiggins Network",96
"Scott, Braun and Dudley Network",363
"Aguilar, Mcguire and Miller Network",70
George Inc Network,191
Foley LLC Labs,304
Lee-Riley Studios,170
"Hahn, Bell and Berg Studios",359
"Wilson, Kennedy and Curry Hub",168
Goodwin-Lopez Network,236
Thompson-Jones Studios,157
Day Group Labs,118
Smith-Clements Network,381
"Ball, Nelson and Torres Studios",396
"Robertson, Williams and Sullivan Labs",458
Roth LLC Labs,72
Dodson-Jones Studios,109
"Duncan, Jones and Johnson Hub",113
Lopez-Ward Hub,74
White-Flores Hub,375
"Gibson, Carpenter and Wright Hub",345
"Jackson, Becker and Yates Studios",179
Olson Inc Hub,464
Randolph Inc Labs,60
"Bailey, Dixon and Welch Studios",161
Byrd LLC Hub,156
Wilson-Dean Hub,461
"Rivas, Martinez and Colon Studios",151
Hill-Cooper Labs,363
Ward-Watson Network,308
Gomez Inc Hub,215
Hall PLC Hub,364
"Johnson, Jones and Brown Network",456
Carter-Griffin Studios,150
Myers-James Studios,120
Dickerson PLC Studios,211
"Martinez, Williams and Duffy Labs",154
"Gutierrez, Harrison and Jackson Hub",297
Jones-Nguyen Labs,475
"Sharp, Steele and Brown Hub",249
"Reyes, Wiggins and Patel Labs",473
"Costa, Rodriguez and Johnson Labs",184
Douglas Ltd Labs,469
"Mata, Gray and Vazquez Studios",485
Williams Inc Hub,471
Blevins and Sons Network,139
Byrd-Rodriguez Hub,266
Murray Inc Labs,440
Stokes-Jackson Network,384
Clark Inc Labs,68
Stewart-Bowman Studios,170
Roach-Quinn Labs,492
Reynolds PLC Hub,329
"Wilcox, Schneider and Franco Hub",498
Steele-Chase Network,216
Butler PLC Network,250
"Frost, Cox and Brooks Labs",179
"Thompson, Young and Nguyen Labs",480
"Stanley, Freeman and Snyder Network",160
Jones-Olson Studios,312
Buck-French Hub,297
Sparks Ltd Labs,232
Richardson LLC Studios,190
Powers-Johnson Studios,373
Yoder PLC Hub,159
Mclaughlin Ltd Hub,154
Johnson PLC Labs,448
Gray Group Studios,247
Sims Inc Hub,327
Kennedy-Alexander Hub,385
Frank LLC Network,460
Griffin Ltd Studios,209
Peters Ltd Studios,442
"Brown, Hurley and Glover Network",443
Dominguez-Hayes Hub,417
"Harper, Sims and Bradshaw Hub",257
Williams Group Studios,326
Barnes-Reed Network,234
Rodriguez Inc Network,159
Lopez-Chase Hub,272
Russell-Riddle Studios,160
"Joseph, Smith and Shaw Studios",287
"Mitchell, Mccarthy and Holt Network",357
Perez-Perkins Hub,267
"Lee, Colon and Mcdonald Network",383
Pierce-Hernandez Studios,327
"Villa, Hughes and Ellis Labs",68
"Boyer, Gallagher and Ward Studios",114
"Peterson, Perez and Lyons Hub",353
"Joseph, Wang and Roberts Network",50
Davis Ltd Network,378
Clayton Inc Network,214
Morrison Group Hub,108
Schneider-Wagner Network,268
Anderson-Long Studios,493
Valentine LLC Labs,100
Singh-Michael Studios,437
Leach PLC Network,387
"West, Avila and Scott Labs",170
Colon LLC Labs,94
Butler Group Labs,303
"Moore, Ross and Rice Studios",320
Reed-Ramirez Hub,390
Roberson-Gutierrez Hub,205
Adams Ltd Labs,221
Clark Ltd Studios,168
Morris and Sons Hub,104
"Hanna, Espinoza and Jefferson Network",288
Manning PLC Labs,90
Meyer LLC Hub,166
Black-Turner Studios,182
Anderson-English Studios,488
Davis PLC Network,170
Chen-Rogers Studios,226
Rivas-Hanson Studios,99
Nelson-Doyle Studios,415
"Lee, Warren and Simpson Labs",347
"Dyer, Wilson and Walters Network",470
"Martinez, Burns and Gregory Network",266
"Perez, Davis and Quinn Network",69
Holt Inc Studios,64
Adkins PLC Studios,181
Webster-Scott Labs,377
"English, Bennett and Jones Hub",242
"Solis, Olson and Wu Network",339
Schwartz-Dennis Labs,398
"Smith, Miller and Frank Network",358
Shepard Inc Labs,230
Morton PLC Hub,201
Thompson LLC Studios,493
Moreno and Sons Network,373
Blevins PLC Studios,414
Thompson Ltd Network,149
Hardy PLC Network,191
Patel Inc Network,347
Smith LLC Hub,232
Patterson-Mitchell Network,282
Ramirez PLC Labs,146
Townsend-Hall Hub,205
Lewis and Sons Studios,265
"Riddle, Parker and Mueller Hub",225
"Smith, Boyd and Jordan Network",198
Bentley Ltd Network,186
"Ramos, Jones and Rocha Network",189
Roy PLC Studios,265
Hill PLC Studios,486
Wilcox-Willis Studios,460
Allen Group Studios,309
Garcia-Schneider Studios,104
Kim-Jacobs Studios,292
"Bailey, Monroe and Hill Hub",244
Wu and Sons Studios,112
"Suarez, Koch and Hughes Labs",84
Hess PLC Network,331
Wagner-Griffith Network,219
Bishop-Smith Hub,275
"White, Shelton and Forbes Studios",383
"Jennings, Perez and Jones Network",206
Saunders Ltd Network,318
Lewis LLC Network,467
"Allen, Bonilla and Murphy Studios",243
Hill-Clay Studios,300
"Ford, Williams and Thomas Labs",376
Snyder Ltd Network,248
Cole-Davis Hub,146
"Villarreal, Torres and Farrell Network",83
Lee-Meyers Network,408
"Martin, Grant and Higgins Labs",348
"Roberts, Jones and Williams Labs",303
Chan PLC Hub,171
"Burns, Ortega and Hall Studios",197
Howard Group Network,230
Stanley PLC Network,270
Porter-Mitchell Labs,496
"Rogers, Estrada and Lopez Network",442
Fisher-Travis Network,177
Best Ltd Studios,372
Oneal-Walker Studios,393
Kelly-Mckee Hub,272
West-Wheeler Hub,59
Landry PLC Network,270
"Benton, Huerta and Summers Studios",441
Roberts PLC Labs,219
Perez-Burch Labs,63
Miller-Jenkins Labs,295
"Roach, Thomas and King Labs",354
Clay-Hobbs Labs,354
Henry PLC Hub,94
"Lucas, Nolan and Johnson Hub",119
Bishop and Sons Labs,58
"Powell, Bryan and Baker Hub",449
Cardenas PLC Hub,295
Yu-West Network,111
Klein LLC Network,406
Johnson LLC Studios,493
"Graham, Collins and Davis Studios",248
Rivera Group Studios,381
"Parks, Miller and Armstrong Labs",68
Sutton-Bass Hub,495
Sawyer-Stone Labs,364
Branch-Mcmahon Network,492
Richardson PLC Hub,235
Williams-Griffin Network,218
Oneal Group Studios,61
Morales Inc Hub,462
"Walker, Butler and Lowe Hub",287
Jennings and Sons Studios,410
Johnson and Sons Studios,363
"Braun, Hughes and Nichols Hub",86
Walker Ltd Network,133
"Williams, Shelton and Miller Network",77
Simpson PLC Studios,407
"Ruiz, Smith and Ryan Labs",259
Kelly LLC Hub,108
Horton PLC Studios,237
"Mosley, Ramos and Vance Network",352
Chavez-Estes Labs,114
Lloyd-Rose Labs,205
"Clark, Sexton and Edwards Labs",130
Ortega-Steele Labs,313
Phillips-Harris Hub,143
"Ferrell, Wells and Martin Hub",119
Love-Baker Studios,371
Larson-Perkins Hub,132
Fuller LLC Network,173
"Wells, Vazquez and Roberts Network",422
"Ramos, White and Medina Studios",280
Vance-Moore Labs,260
Jones Ltd Network,336
Webb-Johnson Network,488
Flores-Green Labs,129
Bennett Group Network,480
Short PLC Network,145
Thomas-Garcia Studios,449
"Norton, Reyes and Washington Labs",106
Velasquez-Guerrero Network,298
"Grant, Clayton and Ferrell Studios",125
Murray-Harper Labs,335
"Griffith, Obrien and Smith Network",168
Blair-Buck Network,79
Hudson-Davis Hub,55
"Day, Wright and Lozano Network",328
"Nguyen, Bryant and Gray Labs",338
Smith Ltd Network,182
Lambert-Garcia Network,450
Payne-Kelly Studios,487
"Gonzalez, Wade and Madden Studios",432
Myers-Bailey Network,246
Clark Inc Hub,463
Roman LLC Studios,114
"King, Norton and Odom Studios",336
Ali LLC Network,347
"Bailey, Jones and Valencia Labs",328
Miles and Sons Network,375
Martin-Obrien Studios,485
Bender and Sons Hub,248
"Pruitt, Chapman and Ray Studios",283
Thomas Ltd Network,286
"Grant, Miller and Weber Labs",324
Smith and Sons Studios,98
Vang Group Network,121
Rubio-Harmon Hub,211
"Burgess, Gonzales and Evans Hub",123
Thomas-Manning Studios,317
Bowman Inc Network,482
"Boyle, Pruitt and Ross Network",189
"White, Williams and Stephens Studios",480
Ponce and Sons Hub,53
"Grimes, Short and Daniels Labs",107
Anderson Group Hub,197
Quinn-Jones Hub,474
Powell-Wells Network,200
Potts-Richardson Studios,369
Cruz Inc Hub,466
Mayo-Jones Studios,77
Byrd-Navarro Network,224
Palmer-Reid Network,432
"Rodriguez, Nichols and Gordon Network",183
"Bolton, Watkins and Ramos Network",281
Kramer-Contreras Studios,251
"Ho, Davis and Warren Studios",83
"Kennedy, Thompson and Edwards Studios",385
Cross Inc Labs,353
Martinez Ltd Studios,347
"Meadows, Smith and Howard Studios",375
Quinn Ltd Network,473
Houston PLC Network,178
Allen and Sons Labs,291
"Anderson, Foster and Morgan Studios",130
Montes-Coleman Network,407
Roberts Ltd Hub,238
"King, Maldonado and Thomas Labs",70
"Sullivan, Gutierrez and Larson Hub",370
Taylor and Sons Hub,361
"Harmon, Reed and Cooley Labs",484
Williams-Beard Studios,351
Stone-Curtis Labs,58
Johnson-Faulkner Network,252
"Grant, Mays and Conley Hub",477
Jordan-Wheeler Network,458
"Phillips, Roberts and Porter Network",477
Wolf-Howard Hub,397
Thomas-Rogers Network,410
Porter-Powell Network,251
Rojas Group Labs,247
Wilson LLC Hub,107
Moore-Hampton Labs,406
Vang-Hayes Studios,229
Jackson-Walker Labs,359
Johnson LLC Network,76
"Daugherty, Castillo and Hernandez Hub",387
Wilson-Kane Network,207
Hogan LLC Labs,262
Hubbard Inc Studios,152
"Jensen, Rodriguez and Miller Studios",212
"Thompson, Myers and Huff Studios",253
Williams-Clark Labs,448
Lang-Warner Studios,365
Jones and Sons Network,152
"Hancock, Banks and Drake Labs",402
Gutierrez-Carr Labs,80
"Cross, Underwood and Turner Network",134
"Mendoza, Floyd and Clayton Studios",343
"White, Jackson and Woods Hub",120
Baker-Schroeder Studios,305
Baker-Swanson Hub,500
Vazquez and Sons Network,375
"Powell, Williams and Thomas Labs",410
Lee PLC Hub,274
Rodriguez LLC Studios,131
Mitchell Inc Hub,59
"Tanner, Turner and Jenkins Studios",90
Rivera Ltd Labs,237
"Velazquez, Miller and Hernandez Hub",279
Hammond-Harvey Network,282
Sosa LLC Labs,307
"Love, Baxter and Hardy Hub",209
Patterson-Evans Hub,117
"Rich, Becker and Lane Studios",123
Rogers and Sons Network,370
Robinson and Sons Network,424
Ward-Baker Hub,217
Rodriguez-Thompson Studios,408
Barnes-Jarvis Hub,133
"Adams, Campbell and Hancock Network",108
"Webster, Mccarthy and Rice Hub",110
Nguyen-Clark Studios,68
"Harris, Walker and Brown Hub",107
Smith and Sons Network,315
Brown PLC Studios,61
Howell and Sons Network,194
Adams-Garza Studios,252
Sellers Group Studios,351
Green Ltd Hub,416
Garcia-Meyer Labs,130
Kent LLC Labs,479
Peterson-Villanueva Network,350
Diaz-Bridges Studios,277
Hayes-Wiggins Studios,211
Clarke Inc Network,268
"Douglas, Alvarez and Owens Studios",202
Wood LLC Labs,237
Mills and Sons Network,434
Andersen-Greene Labs,420
Garcia-Kelly Hub,170
Frey Inc Labs,134
Knapp-Chase Studios,252
Rojas PLC Labs,398
Bartlett-Brooks Network,115
"Barron, Martinez and Lee Labs",493
Martinez-Beck Hub,457
Lewis-Barker Studios,113
Ingram-Norman Network,190
Clay-Salazar Network,454
"Griffin, Pearson and Rodriguez Labs",123
"Murphy, Kelly and Carter Network",283
Colon-Anderson Labs,130
Huffman Inc Hub,98
"Andersen, Gonzales and Rice Labs",115
Bailey-Garcia Network,394
Adams-Romero Studios,392
Baker-Patel Studios,449
"Benson, Munoz and Harris Network",144
"Woodard, Valdez and Myers Hub",150
Gutierrez Ltd Studios,424
Calderon and Sons Studios,191
"Ward, Martin and Yates Network",213
Bailey Inc Network,478
Hunter-Scott Studios,344
Moreno-French Studios,52
Franklin-Ross Hub,166
"Russell, Campos and Smith Studios",348
Randall PLC Network,476
"Frazier, Reyes and Chambers Studios",333
Bryant Inc Network,113
Hernandez PLC Network,88
"Jones, Ellis and Briggs Hub",369
"Vargas, Olson and Hickman Labs",86
Martin LLC Studios,361
Andersen-Thompson Hub,213
Torres-Smith Studios,487
Patterson LLC Studios,229
"Davis, Mcclure and Hurst Network",407
Clark Group Studios,449
Campbell-Scott Network,447
"Arnold, Johnson and Perez Hub",109
Henry-Perez Network,215
Arellano Group Network,149
Nguyen Ltd Hub,332
"Jacobs, Brown and Barr Network",486
"White, Medina and Guerrero Labs",458
Huffman Group Studios,339
Phillips-Crosby Studios,241
"Rowe, Flynn and Miller Studios",172
Sanford-Cain Network,322
"Rhodes, Waters and Chambers Network",312
Thompson-Peterson Labs,55
French Inc Labs,143
Hernandez-Kent Hub,351
Todd-Ward Labs,72
Brooks-Harris Network,134
Collins Group Hub,98
Morris Ltd Network,406
Mclaughlin-Jacobson Labs,239
Hancock-Miller Network,85
Terry-Schneider Labs,394
Moore-Jackson Network,472
Murphy Group Hub,275
Johnson and Sons Network,456
"Mejia, Mcguire and Williams Network",161
"Torres, Lopez and White Hub",373
Phillips PLC Hub,233
"Nelson, Fisher and Price Labs",421
Peterson-Turner Labs,440
"Martin, Robinson and Coffey Network",341
"Maxwell, Adams and Williamson Studios",137
Parker Inc Hub,381
Johnson Ltd Labs,69
Harris-Mathis Studios,419
Randall-Reyes Studios,484
Mckee Ltd Network,402
"Miller, Gonzales and Taylor Studios",337
Dillon-Winters Labs,495
Weaver and Sons Labs,410
"Romero, Smith and Washington Labs",403
"Edwards, Mejia and Hamilton Studios",494
"Ross, Novak and Estrada Labs",142
Herring Group Network,59
Allen-Chapman Network,398
Barnett and Sons Network,431
Howard-Taylor Hub,95
Bernard Ltd Studios,98
Pace-Dixon Hub,491
Hernandez Group Studios,366
Fry-Gamble Studios,204
Love-Knight Labs,386
Jacobson-Garrett Hub,56
"Powers, Gomez and Lewis Studios",350
Hall-Boyer Labs,268
"Morrison, Pruitt and Griffin Labs",449
Larson-Newton Hub,84
"Johnson, King and Newman Studios",439
"Zavala, Ortega and Cuevas Studios",240
Robinson PLC Labs,327
"Salazar, Wright and Evans Network",339
Ortiz-Taylor Studios,487
Poole-Simpson Hub,245
Rush-Myers Hub,306
"Sanchez, Cunningham and Rodriguez Hub",63
Smith-Nguyen Labs,142
Howell-Carr Labs,393
Matthews Inc Hub,474
"Owens, Ortiz and Mendoza Network",428
"Farrell, Matthews and Duncan Hub",147
Payne-Reilly Hub,418
Mason and Sons Labs,209
Valdez PLC Labs,259
King PLC Labs,463
Herring Ltd Hub,181
Singh-Hardin Labs,270
"Faulkner, Tapia and Leonard Network",172
Lopez Ltd Labs,366
"Chang, Hickman and Meyer Labs",114
Lopez Ltd Studios,100
"Lang, Sanders and Snyder Studios",307
"Blankenship, Castillo and Moore Labs",341
Whitehead and Sons Studios,365
"Brown, Bentley and Montoya Network",366
Perez-Rodriguez Studios,388
Brown-Sanders Hub,192
Collier Group Labs,230
Mitchell LLC Labs,164
Stone-Garcia Hub,357
Hudson and Sons Network,361
"Deleon, Romero and Phillips Labs",318
"Holloway, Rodriguez and Allen Studios",340
Hayes and Sons Labs,251
"Johnson, Stephens and Lloyd Hub",372
Heath-Barrera Labs,247
Murphy Inc Hub,270
Vaughn-Evans Hub,333
Rogers and Sons Network,211
"Brewer, Trujillo and Miller Network",185
"Woods, White and Cook Labs",466
Glenn and Sons Studios,251
Walker Group Labs,145
Spears-Edwards Network,195
"Monroe, Mccall and Harris Labs",195
Fields-Haas Labs,365
Coleman Inc Studios,274
Torres-Miller Hub,133
King PLC Studios,356
"Thomas, Miller and Cross Studios",259
"Bradley, Butler and Campbell Studios",162
Terrell and Sons Network,491
"Jones, Davis and Hoffman Network",75
Mckee PLC Studios,159
"Scott, Stone and Walker Labs",278
Carter LLC Network,104
Holland PLC Network,252
Moore-Boone Studios,488
Dyer and Sons Network,465
"Hill, Reynolds and Wise Studios",438
Reed PLC Network,465
"Chandler, Munoz and Bonilla Studios",426
Hanson Inc Hub,435
Rubio-Snow Labs,53
"Harris, Owen and Barker Hub",74
"Beck, Barnes and Arias Studios",365
Morales-Lewis Studios,420
Turner Inc Hub,238
"Cervantes, Lamb and Valencia Network",52
Cooper-Murray Labs,179
Johnson-Torres Studios,469
Wells LLC Network,397
"Mitchell, Oneal and Mills Labs",313
"Martin, Johnson and Harrison Network",351
Jones-Barnes Network,279
Hayes Group Labs,51
"Ellis, Jimenez and Smith Labs",308
Powell Inc Hub,193
Fitzpatrick Ltd Hub,169
"Chen, Wilson and Lopez Hub",274
"Ramos, Woodard and Gutierrez Studios",413
Smith-Barr Hub,239
"Scott, Frye and Mcknight Labs",324
Roberts Inc Studios,246
Foley-Hamilton Labs,313
"Johnson, Cochran and Gray Studios",254
Garcia-Webb Network,83
"Avila, Martinez and Martin Network",398
Smith and Sons Network,143
Golden-Bowers Labs,248
Baker-Hoover Hub,120
Burns Inc Network,121
"Bailey, Harrison and Moore Network",272
Stewart and Sons Labs,309
Barber PLC Network,401
"Wilson, Rivera and Williams Hub",129
Serrano Group Labs,339
Castillo-Duncan Studios,449
Cunningham-Hayes Labs,62
"Ortiz, Martinez and Turner Network",249
"Robinson, Carlson and Gonzalez Labs",341
Newton-Aguilar Studios,310
Wiggins-Simmons Labs,384
"Rivera, Walton and Gordon Network",495
Kim-Richardson Network,204
Galloway Ltd Studios,454
Arnold-Friedman Labs,355
Calhoun PLC Studios,140
Alexander LLC Labs,114
Martinez-Grimes Labs,267
Jones-King Network,235
Stein Ltd Hub,167
Woods-Williams Labs,74
Fox PLC Labs,277
Davenport LLC Network,79
Baker PLC Hub,306
Garcia Group Studios,210
"Spencer, Camacho and Lara Network",183
Villarreal-Garcia Network,134
Bell LLC Hub,360
Ortiz-Cannon Studios,61
Rivera LLC Hub,343
Bond Group Labs,165
Rice-Nelson Hub,356
Coleman-Vasquez Hub,203
"Hill, Wolfe and Griffin Network",263
"Mendez, Smith and Flowers Hub",279
Hernandez-Bailey Network,186
Palmer PLC Network,233
Phillips Group Network,110
Davis-Marshall Network,496
Brown Ltd Labs,477
Parker-Howard Studios,362
"Brown, Gibson and Harper Network",146
"Ramos, Tucker and Castro Labs",415
"Franco, Young and Jones Labs",377
Davis-Brown Hub,418
Scott PLC Labs,313
Barnes-Mason Hub,385
Roberts-Levy Labs,235
"Anderson, Phillips and Taylor Hub",75
"Fisher, Leach and Jackson Studios",422
Palmer Ltd Studios,116
"Jones, Melton and Sanchez Studios",125
Smith Group Network,111
"Roberts, Hayes and Hawkins Hub",149
"Wright, Miller and Khan Network",186
Serrano-Sheppard Labs,481
Galloway PLC Network,87
"Murray, Ramirez and Barrett Hub",364
"Allen, Hall and Pennington Studios",216
Wright-Kelley Studios,493
"Soto, Reyes and Morgan Network",137
Martin Ltd Labs,262
"Walker, Cabrera and Ray Hub",121
Allen Inc Studios,409
Morgan-Sellers Studios,93
Acosta Group Labs,311
Chen-Mitchell Labs,296
Owen-Pacheco Network,188
Rangel Ltd Network,213
Phillips PLC Labs,254
Chavez-Lee Hub,105
Mccoy Group Hub,93
Strickland-Mata Network,274
Woods and Sons Hub,187
Delgado-Daniel Hub,131
Walker Ltd Hub,100
"Blanchard, Horton and Grant Studios",195
"Anderson, Perez and Martin Labs",422
"Bradley, Gonzalez and Fritz Labs",130
"Nunez, Jones and Fox Labs",358
Goodwin Ltd Hub,428
Hernandez-Brown Network,219
Dixon-Snow Network,132
Ramos PLC Hub,486
Ayala-Ortiz Labs,254
"Schultz, Turner and Harrison Labs",301
Castro Group Labs,64
Ellison Inc Studios,329
Moran PLC Studios,207
Burke-Garcia Labs,476
Lee-Collins Studios,382
"Hampton, Franklin and Moody Network",475
Smith-Jackson Labs,395
Baldwin-Martin Studios,134
Brown-Marshall Labs,122
"Allen, Stephens and Acosta Hub",292
Parrish-Norton Studios,374
"Walker, Koch and Tapia Network",304
"Garcia, Smith and Fleming Network",236
West and Sons Hub,240
Mclean-Nixon Labs,469
Morgan-Garrett Studios,70
"Perez, Goodman and Thompson Labs",313
Page-Fitzgerald Labs,358
Davis Ltd Studios,75
"Wells, Cruz and Frost Hub",198
Mitchell Ltd Studios,124
"Hanna, Morales and Boone Network",168
Keith-Dickerson Network,79
"Smith, Sanchez and Compton Network",188
Houston-West Labs,373
Chambers Inc Studios,130
Day and Sons Labs,75
Diaz-Owens Network,281
"Costa, Brown and Freeman Hub",389
Roman Ltd Hub,180
"Wood, Shaw and Haas Hub",148
Phillips Inc Hub,233
Howell-Gutierrez Studios,376
Caldwell Inc Studios,164
Valenzuela-Richardson Labs,189
Jensen PLC Network,345
Petty LLC Network,212
Hardy-Choi Network,108
Barnett-Hobbs Hub,313
"Blevins, Gonzales and Newton Network",452
Flores and Sons Hub,152
"Harris, Franklin and Edwards Hub",176
Davis-Lewis Hub,447
Brown LLC Network,348
"Dean, Curtis and Nguyen Hub",247
Townsend PLC Network,257
Jordan-Combs Network,361
Bell-Lee Hub,312
"Thomas, Acevedo and Church Network",472
"Thompson, Ruiz and Gordon Studios",387
"Russell, Buchanan and Choi Labs",410
Green Ltd Network,438
Brown Ltd Network,79
Stephens Inc Labs,157
Oliver Group Network,433
Silva and Sons Hub,204
Olson Group Network,142
Henderson-Lyons Labs,483
"Cuevas, Payne and Tucker Network",307
Rogers-Ferguson Hub,349
Wolfe and Sons Studios,216
Molina Ltd Hub,133
Clay Group Network,161
Carroll and Sons Studios,467
"Jones, Palmer and Becker Network",498
Dudley LLC Network,193
"Santos, Reid and Cruz Studios",250
"Scott, Clark and Webb Network",323
"Lee, Freeman and Cole Network",249
Johnston PLC Network,199
"Cook, Thomas and Young Studios",445
Spencer PLC Network,296
Mills-Robinson Studios,255
Rivas-Hines Network,420
Cruz Group Studios,66
Carter-Rowe Studios,65
Hood Inc Hub,339
Lawson PLC Hub,75
Peck-Savage Labs,445
Beck-Mahoney Hub,198
Wade Group Labs,260
"Swanson, Finley and Torres Hub",252
Williams LLC Network,203
"Jones, Stout and Perkins Hub",51
Guerra Inc Labs,472
Valdez-Medina Network,178
Cruz-Spencer Network,309
Rivera-Huynh Studios,317
Fuller-Brown Hub,118
Sloan PLC Network,154
Lewis-Long Studios,304
Gordon Group Studios,465
Rodriguez Inc Hub,488
"Roberts, Williams and Jones Network",179
Ryan-Jimenez Hub,469
Duncan and Sons Hub,452
"Davis, Williams and Carter Hub",413
Combs Ltd Studios,416
Baldwin-Smith Studios,213
"Fowler, Figueroa and Rivera Network",226
Lynch-Rice Labs,160
Smith-Taylor Studios,52
Lawrence LLC Studios,109
"Nelson, Archer and Ortiz Labs",310
Mills-Duncan Hub,300
Lloyd Ltd Network,215
"Landry, Jenkins and Young Network",307
"Roberts, Dawson and Diaz Labs",363
Whitaker-Bowman Studios,312
Singleton LLC Labs,67
Bowers and Sons Studios,372
Richardson LLC Labs,405
"Foster, Carpenter and Walker Labs",415
Parker-Brady Studios,491
Fernandez-Jennings Labs,378
Mcneil-Smith Studios,240
Olson-Dixon Studios,143
"Glenn, Cox and Schmidt Labs",494
"Kirby, White and Freeman Network",187
"Wilson, Jones and Lee Studios",420
Hernandez-Wallace Labs,251
Wade-Ballard Hub,54
Harris and Sons Labs,221
"Kim, Arroyo and Ward Studios",436
Rodriguez Group Studios,290
Castillo Group Studios,401
"Holloway, Wagner and Ramirez Hub",431
"Stevens, Anderson and Sanders Studios",267
Kennedy Ltd Hub,158
Stephenson Group Studios,117
"Brown, Church and Davis Studios",345
"Cantu, Walker and Jimenez Hub",276
Contreras PLC Hub,167
Fowler-Contreras Hub,240
Hamilton and Sons Studios,66
"Walsh, Ward and Page Network",337
"Kelley, Garcia and Baker Hub",65
"Weaver, Erickson and Young Hub",260
Rose Group Network,196
Hopkins-Green Studios,385
"Riddle, Graham and Robles Studios",344
"Shepard, Conway and Davis Labs",381
"Gomez, Smith and Sims Studios",372
"Cooper, Velez and Hodge Network",226
"Charles, Campos and Ward Studios",463
"Walker, Stanton and Hawkins Network",413
Frank Group Hub,337
Roach-Palmer Hub,377
Wilkinson and Sons Network,459
Collins Ltd Network,381
Cabrera Inc Hub,500
"Chang, Lang and Yates Network",150
Campbell-Webster Hub,188
"Jackson, Lopez and Richards Labs",304
Mcdonald-Bell Studios,177
"Silva, Alvarez and Moore Hub",441
Dennis-Burke Network,335
Mcmillan-Calderon Hub,214
"Noble, Smith and Reynolds Network",78
Campbell Group Studios,241
Moore-Ryan Network,326
"Herring, Watson and Walker Hub",254
"Hunter, Hawkins and Hart Studios",445
"Thornton, Jones and Zimmerman Hub",261
Watson-Johnson Labs,240
Parker-Ray Network,144
"Williams, Hernandez and Berry Labs",129
"Bird, Lopez and Lee Labs",72
Cooper-Oconnor Labs,442
Dyer-Kim Labs,373
"Jackson, Fisher and Osborne Hub",205
Miranda Inc Network,244
Smith Group Network,268
Brandt Group Studios,218
"Marshall, Phillips and Moore Network",499
Davidson Inc Labs,70
"Gilbert, Kerr and Davis Network",135
"Ochoa, Turner and Rogers Hub",198
"Curry, Burgess and Stuart Labs",163
Weaver-Ruiz Labs,451
Stanton-Brock Labs,233
Howard LLC Labs,131
"Lamb, Quinn and Williams Hub",158
West-Hogan Hub,334
"Patterson, Reed and Flowers Hub",347
"Mclaughlin, Taylor and Sweeney Hub",310
"Jacobs, Scott and Weaver Studios",56
"Ramirez, Yu and Hanson Network",149
Maldonado LLC Studios,295
Martin-Parker Labs,421
"Lee, Clark and Bishop Labs",379
Ferguson Group Network,261
Howard-Patel Hub,231
Banks LLC Hub,103
Bell-Patel Network,384
"Nelson, Duarte and Davis Network",348
"Johnson, Gonzalez and Kelley Studios",218
"Johnson, Lam and Richardson Labs",55
Jones-Hudson Labs,229
Mclaughlin-Cruz Network,323
Sanchez and Sons Network,326
Wells-Schaefer Network,416
"Hayes, Stafford and Taylor Network",478
Berry-Haynes Hub,258
"Murphy, Wilson and Allison Network",60
Cummings-Smith Hub,400
Marshall PLC Hub,496
Parrish-Smith Network,101
"Wood, Walker and Silva Hub",182
"Larsen, Herrera and Murray Labs",212
"Campos, Logan and Fitzgerald Labs",196
"Chavez, Kelly and Rodriguez Hub",187
Cunningham Group Studios,159
Pacheco and Sons Hub,397
Vaughn and Sons Hub,313
"Smith, Davis and Hammond Studios",69
"Watson, Fox and Tucker Hub",52
Turner and Sons Network,420
Small-Willis Studios,311
Mccarthy LLC Labs,365
Barrett-Sanchez Network,472
Stevens-Young Studios,322
Thomas Ltd Labs,318
Dunn Ltd Hub,83
Warren-Melton Hub,64
"Lee, Lee and Ramos Hub",75
Clay-Charles Studios,303
Mccoy PLC Labs,229
"Wood, Cook and Smith Hub",332
Williamson Inc Labs,248
Maxwell-Andrade Labs,394
Huerta-Ramsey Network,123
Smith Inc Labs,333
Perry PLC Studios,247
Lewis-Bailey Labs,465
Bell-Salazar Studios,268
West Ltd Network,393
Patterson LLC Network,451
Thompson-Price Network,306
Moon PLC Labs,106
Carter-Campbell Studios,484
Savage Group Network,492
Taylor Ltd Hub,148
Richards-Delgado Labs,229
Santiago and Sons Labs,138
Freeman LLC Network,61
"Morris, White and Adams Hub",348
"Gill, Flores and Martinez Hub",248
"Howell, Roberson and Torres Hub",91
"Moore, Roman and Haynes Network",445
Boyd-Ingram Hub,377
Mcknight Ltd Labs,453
"Moore, Bowen and Hill Labs",142
Rodriguez LLC Studios,350
Johnson-Robbins Labs,317
"Hernandez, Jordan and Davenport Studios",410
"Shannon, Vaughn and Cole Studios",444
Jones-Compton Studios,321
"Zavala, Glenn and Turner Hub",188
Gregory LLC Labs,413
"Henderson, Chavez and Barton Network",105
Esparza-Thompson Labs,369
Hale-Simmons Network,65
Rios LLC Studios,68
Henry LLC Network,370
Miller-Thomas Hub,432
"York, Cohen and Roberts Network",247
Schmitt-Bauer Network,225
Brown-Duncan Studios,427
Sanchez Ltd Network,182
"Richmond, Mullins and Ray Labs",300
Lewis-Powell Hub,371
Frederick LLC Studios,243
Cox-Hart Hub,499
"James, Strong and Ferrell Labs",370
Robinson-Cooper Labs,254
"Simmons, Rhodes and Wise Studios",457
"Whitaker, Gonzales and Reeves Labs",497
Howell LLC Labs,346
"Manning, Leach and Rowe Studios",282
Bond PLC Network,446
Miller PLC Network,377
Hernandez LLC Studios,278
Davis Ltd Labs,472
Wright-Adams Studios,183
"Gould, Merritt and White Labs",439
"Webb, Robbins and Sanchez Studios",220
Reeves-Rodriguez Network,81
Smith-Roberts Hub,421
Ballard and Sons Labs,427
Briggs Ltd Labs,167
Pearson-Heath Labs,230
Wu Inc Labs,255
Jackson Group Studios,436
"Williams, Anderson and Acosta Hub",397
"Woods, Coleman and Moore Studios",430
Wright LLC Studios,325
Vargas LLC Hub,179
Williams Inc Labs,214
Gregory-Hall Network,410
Saunders-Gibbs Labs,52
Jenkins-Molina Labs,143
Hawkins-Austin Network,333
"Jordan, Guzman and Parks Labs",225
"Johnston, Moreno and Pratt Labs",215
Norton Inc Studios,83
Spencer-Savage Studios,360
"White, Hall and Fernandez Studios",498
Wood Ltd Network,497
"Jones, Thomas and Morris Labs",301
Kim and Sons Network,91
Brown LLC Hub,247
"Mayo, Baldwin and Bowen Studios",175
Rivas LLC Network,77
Scott Inc Hub,380
White PLC Studios,304
Yates Inc Labs,282
"Olson, Carter and Chandler Studios",160
"Hill, Riley and Lopez Network",360
Roberts and Sons Labs,334
"Smith, Barnett and Vargas Network",407
Jacobs PLC Hub,418
"Smith, Adkins and Tran Labs",470
Sherman PLC Hub,454
"Scott, Clark and Livingston Studios",447
Simpson-Vargas Network,487
"Farrell, Patterson and Moore Network",479
Sharp Ltd Network,287
"Chapman, Mejia and Turner Network",157
Thomas-Taylor Studios,215
Roberts and Sons Network,318
"Vargas, Meyer and Rojas Labs",69
"Crawford, Sutton and Martinez Studios",213
Peterson and Sons Hub,363
Guerra Ltd Labs,332
"Lam, Bryant and Hill Labs",454
Paul-Moran Labs,493
Porter-Martinez Studios,189
Gibson PLC Labs,295
Cline PLC Network,86
Henry PLC Network,441
"Johnson, Clark and Hanson Studios",431
Taylor and Sons Labs,127
"Humphrey, Smith and Waters Studios",278
Cruz LLC Labs,298
Williams-Russo Network,492
"Rodriguez, Ramos and Andrews Labs",188
Clark LLC Labs,128
Jackson Ltd Network,433
Abbott and Sons Network,316
Fox-Lawrence Hub,306
Cruz-Anderson Hub,323
"Robinson, Weiss and Luna Studios",163
Patel-Sullivan Studios,427
Rodriguez Ltd Studios,463
Sanchez-Lindsey Network,372
Riley-Moore Studios,301
"Beck, Garcia and Smith Studios",269
"Cuevas, Parks and Caldwell Studios",369
Smith-Roy Labs,278
Bailey-Anderson Network,264
Stanley Inc Network,279
"Perry, Medina and Gordon Studios",128
"Porter, Gonzalez and Benson Labs",148
Watkins and Sons Studios,227
Weeks-Hays Hub,494
"Jacobson, Nguyen and Proctor Studios",116
Holland-Drake Studios,170
Gray Ltd Studios,468
Estes and Sons Labs,346
Morales-Sullivan Studios,377
Berry-Davila Network,481
Stone-Jackson Network,214
"Bond, Cole and Leon Network",242
White-Lopez Studios,97
Davenport LLC Studios,378
Clark LLC Network,66
Griffith PLC Studios,393
"Martin, Johnson and Alvarez Labs",363
Delgado-Sanchez Studios,262
Huerta-Martin Network,199
Miller-Perry Labs,390
"Barrett, Daniel and Robertson Labs",242
"Elliott, Hall and Porter Studios",449
Turner and Sons Hub,241
"Davidson, Floyd and Murray Labs",276
Brown and Sons Network,180
Bray-Case Hub,321
Stewart-Cole Hub,88
"Ford, Banks and Beck Studios",51
Gonzalez PLC Studios,135
Wiley-Taylor Network,475
"Jones, Carney and Sanchez Hub",468
"Bowen, Taylor and Campbell Hub",465
Berry Ltd Studios,167
Ferguson Inc Labs,245
Arnold-Hernandez Labs,442
Kaufman and Sons Network,58
Garcia-Moreno Hub,477
Henderson LLC Network,293
Graham LLC Hub,283
Thompson-Petersen Hub,410
Knight-Murphy Labs,473
Rush-Garcia Studios,329
"Garrison, Mitchell and Miller Network",329
"Mcintyre, Mitchell and Evans Hub",373
Smith-French Hub,339
"Miller, Hopkins and Sherman Hub",173
Green and Sons Network,300
Higgins-Rice Network,67
Johnson Ltd Studios,166
Archer-Dyer Hub,235
Mckenzie Ltd Network,329
Cooper-Elliott Labs,297
"Medina, Kramer and Martinez Network",170
Robinson Ltd Network,455
"Moore, Hicks and Jones Network",351
Ponce-Armstrong Network,463
Cantu-Carter Studios,215
Smith Group Network,428
Johnson-Johnson Hub,337
Ramirez-Singleton Labs,275
"Gomez, Turner and Allen Hub",488
Welch PLC Network,372
"Ortega, Harper and Reid Studios",205
"Richards, Burke and Gilmore Network",425
Holloway LLC Hub,435
Greene-Mendez Labs,329
Vaughn-Padilla Hub,447
"Salazar, Roberts and Garza Hub",473
Pollard Group Studios,284
Gibson Ltd Studios,131
Bernard Inc Hub,77
Harris-Henry Studios,93
Adams and Sons Studios,481
Wilson Inc Studios,169
Barrett-Smith Studios,478
King Group Network,90
Garrett-Robinson Studios,295
Parker LLC Studios,483
"Warren, Ball and Smith Studios",81
Lambert LLC Hub,495
Morgan-Collins Studios,404
Taylor-Moses Hub,213
Moore Group Labs,108
Perry Group Network,487
Mcclure and Sons Hub,150
Johnson-Butler Hub,274
Lewis-Alvarez Labs,74
"Chavez, Wood and Davis Hub",353
Hunter Inc Studios,143
"Black, Campbell and White Network",391
Dalton Ltd Studios,174
Brown PLC Network,321
Morton-Drake Labs,150
Chase-Brown Hub,115
Anderson Ltd Studios,432
Clayton-Murphy Labs,308
Williams Ltd Studios,190
"Reynolds, Thomas and Gray Network",332
Cardenas PLC Labs,434
"Gardner, Shah and Henson Studios",153
Coleman-Jimenez Network,201
Roberts-Allen Hub,105
Wood-Copeland Studios,168
"Livingston, Holloway and Schneider Network",435
"Andersen, Skinner and Myers Studios",290
Rodriguez PLC Network,444
Aguirre-Hanna Labs,63
"Martinez, Moore and Petersen Hub",187
Charles Group Studios,394
Williams-Stanton Network,277
"Reeves, Nelson and Stewart Labs",73
"Horn, Murray and Ortiz Network",302
"Maynard, Kline and Pittman Studios",382
"Sellers, Rogers and Armstrong Network",362
"Daniels, Flynn and Clark Labs",170
Nelson Inc Hub,232
"Flores, Phillips and Lee Hub",102
Hancock Inc Studios,119
"Hall, Johnson and Jackson Network",216
"Lowe, Powell and Adams Studios",108
Holland Group Studios,464
"Craig, Brown and Henderson Labs",357
Hicks-Oneal Studios,387
"Lewis, Acosta and Lane Labs",409
"Combs, Wagner and Swanson Network",348
"Valentine, Williamson and Bryant Network",474
Robertson-Schwartz Network,268
"Barber, Shaffer and Myers Network",202
Alvarado-King Labs,359
Stone PLC Hub,246
Smith-Shaw Network,272
Willis Ltd Labs,499
Payne LLC Hub,217
Perez Ltd Network,215
Mueller-Garcia Hub,218
Baker Ltd Labs,148
"Salazar, Welch and Jones Studios",88
Olson-Jackson Studios,437
"Lawrence, Chavez and Gardner Network",248
Warren-Smith Studios,102
White-Hogan Network,238
Sampson-Cochran Hub,366
Sanchez-Flores Network,282
Wall Group Network,191
"Singleton, Collins and Benson Hub",486
Robertson Inc Network,347
Harrison Inc Hub,222
Lawrence-Atkinson Network,100
Barrett Group Hub,316
Eaton-Harvey Hub,487
Edwards Group Hub,83
Burton Group Labs,266
Cobb-Clarke Studios,105
Garrett Inc Labs,113
Cox-Cox Network,429
"Sloan, Mcknight and Rodriguez Labs",144
"Colon, Williams and Nunez Studios",389
Woodard PLC Labs,340
"Taylor, Evans and Dudley Labs",354
"Cook, James and Sandoval Labs",267
Smith-Austin Network,177
"Craig, Green and Rivera Labs",345
"Myers, Campbell and Castillo Network",458
"Thomas, Wilson and Clark Hub",354
Malone Group Labs,139
"Riley, Reed and Ward Hub",51
Cohen Group Hub,468
Ferguson PLC Studios,50
Thompson Inc Labs,88
"Rivera, Wood and Bishop Studios",172
"Hall, Yang and Reyes Network",446
Powell-Stanton Network,198
Vargas LLC Network,271
Garcia Ltd Hub,118
Morgan Inc Labs,240
Wright-Jackson Studios,487
Bright-Ramos Network,182
Williams-Pearson Studios,76
"Mitchell, Deleon and Ross Hub",396
Montes LLC Hub,110
Barrett Inc Network,412
"Smith, White and Murphy Hub",201
Dodson Group Hub,311
Bennett-Shepherd Labs,381
Clarke PLC Studios,425
"Colon, Brooks and Gray Studios",439
Allen-Werner Network,442
"Cabrera, Nichols and Casey Studios",370
Watson Inc Hub,211
"Li, Sanchez and Mcpherson Studios",462
"Brock, King and Faulkner Labs",116
Scott PLC Network,492
Shepard-Blake Network,156
Marsh Inc Studios,255
"Wilcox, Mathis and Oconnell Labs",70
Hooper Ltd Studios,486
"Smith, Singh and Lambert Hub",412
Gardner-Jackson Studios,488
Guerra-Glenn Hub,307
Miller Group Labs,175
"Rhodes, English and Becker Labs",311
Lowe LLC Studios,210
"Hunt, Williams and Anderson Studios",205
Robles LLC Network,435
"Rodriguez, Kelly and Morton Hub",399
Carter-Sampson Network,414
Owen and Sons Network,160
Morse-Banks Labs,290
Morse and Sons Labs,101
Kaufman-Ortiz Hub,202
Walters Ltd Hub,111
"Singleton, Villegas and Baker Hub",124
Brown-Lopez Labs,151
Pena LLC Network,140
Norton-Stephens Network,126
"Bell, Jennings and Blake Labs",328
Shaw-Pierce Studios,124
Davis and Sons Studios,272
Kennedy-Garcia Labs,92
Petersen-Smith Hub,338
"Myers, Jordan and Walters Network",144
Whitaker-Sullivan Labs,126
Rogers Group Network,166
Shaw PLC Studios,71
"Little, Moore and Nelson Labs",491
"Perez, Kelly and Lee Network",392
"Barnes, Lopez and Bass Network",350
"Obrien, Joyce and Walker Labs",86
Contreras PLC Studios,306
Watson-Martin Network,299
Newman-Davis Labs,362
Sanchez LLC Hub,399
Carrillo-Brown Labs,497
Smith Group Labs,474
Robertson and Sons Studios,107
Hernandez Ltd Hub,256
"Williams, Hahn and Vega Studios",497
Henderson-Hudson Network,192
Martinez Inc Studios,334
Shaw Inc Hub,208
Fox Group Hub,421
"Hernandez, Knapp and Hunter Network",451
Miller-Pope Labs,360
"Jones, Molina and Hansen Hub",290
Moore-Cortez Labs,192
Adkins-Price Hub,387
"Castillo, Davis and Jones Network",312
Thomas-Johnson Labs,417
Baxter PLC Studios,112
Mitchell-Farmer Network,319
Boone LLC Labs,235
Smith Inc Hub,271
Russell and Sons Hub,480
"Gibson, Thompson and Garcia Hub",68
"Adams, Dean and Brown Studios",388
Morales-Lopez Labs,339
"Perez, Owens and Pugh Network",305
Compton PLC Studios,226
"Clark, Jones and Martin Network",328
Owens Ltd Studios,239
"Leonard, Robertson and Walker Studios",330
Mendez PLC Network,281
"Garrison, Walker and Smith Network",298
"Willis, Mack and Graham Studios",164
Hoover-Benson Studios,243
Lynn and Sons Hub,462
Smith Group Network,454
Diaz-Allen Hub,274
Stevenson Inc Network,292
"Richardson, White and Wallace Network",302
Lucas-Peterson Labs,136
Hopkins and Sons Studios,163
Moore-Watts Network,309
Lopez PLC Hub,386
Beck-Lee Hub,381
Grant-Ford Hub,405
"Davis, Schmidt and Sanders Studios",398
Hill-Ball Network,434
Tran-Perez Labs,130
Jones and Sons Labs,451
Gardner Ltd Network,53
Horton-Foley Labs,420
"Moran, Miller and Cordova Network",148
"Sweeney, Gates and Bentley Network",183
Cooper and Sons Network,266
"Clarke, Hughes and Singh Labs",229
Myers-Medina Studios,66
Kennedy and Sons Hub,216
Vargas-Orozco Hub,477
"Poole, Morales and Gordon Labs",74
Fox LLC Labs,430
"Newman, Robinson and Benson Labs",278
Howard PLC Studios,445
"Hardy, Short and Brown Labs",174
"Wise, Young and Molina Studios",204
Anderson-Martin Hub,397
Charles Ltd Network,62
White-Mendoza Studios,312
Hamilton PLC Hub,50
Coffey PLC Network,106
"Reese, Evans and Moore Network",405
Rangel-Miranda Hub,108
Ponce-Olson Network,264
Welch Inc Labs,92
"Sellers, Andrews and Johnson Labs",293
"Farley, Sandoval and Peck Labs",499
Medina and Sons Labs,103
Brown-Olson Hub,185
Mccullough Inc Hub,248
"Baker, Woodward and Davenport Labs",99
Watson-Ramirez Studios,61
Miller-Vasquez Hub,201
Mendoza-Warner Studios,325
Vaughn-Cunningham Studios,67
"Young, Carlson and Johnson Network",470
"Hughes, Hansen and Ramsey Labs",208
"Johnson, Alexander and Fuller Labs",192
Munoz-Peters Labs,205
"Johnson, Christensen and Anderson Labs",417
"Cole, Sanders and Maldonado Studios",171
Harmon-Anderson Labs,235
Davis-Moore Network,303
Stevens LLC Labs,54
"Brooks, Martin and Moore Labs",120
Serrano-Kirk Network,161
Parks-Jones Labs,226
Fields-Parker Hub,139
Lopez LLC Network,280
Dunn-James Network,257
Griffin-Anderson Studios,285
Ibarra-Garcia Hub,76
Pittman-Thomas Network,252
"Smith, Velez and Myers Network",238
"Myers, Livingston and Luna Network",108
Martinez Group Studios,69
Cole-Campos Hub,335
Gonzalez-Harris Studios,323
Zimmerman PLC Studios,281
Parker LLC Network,366
"Little, Garrison and Garcia Hub",289
Larson and Sons Labs,253
Henderson-Johnson Hub,144
Hansen-York Network,171
"Newman, Frazier and Alvarez Labs",124
Kerr Ltd Studios,365
Peters-Mueller Labs,66
"Miles, Russell and Brock Hub",404
Lopez-Franklin Hub,183
Morgan-Jones Hub,234
"Ortiz, Webb and Horton Network",108
Griffin-Lawrence Studios,346
"Simon, Peterson and Bullock Network",341
Maxwell and Sons Hub,253
Jimenez-Williams Network,376
"Rivera, Arnold and Collins Studios",152
Pierce-Guzman Labs,396
Cox-Johnson Labs,379
Jefferson Group Studios,307
Jones-Flynn Studios,115
Johnson-Schwartz Network,435
Gomez Group Hub,241
Moore Group Labs,212
"Johnson, Fischer and Weaver Hub",224
"Miller, Mayer and Booth Hub",406
Bell-Ramirez Hub,319
Larson-Gonzalez Hub,136
Jordan-Garrison Labs,448
Meyers-Dawson Hub,431
"Bradford, Phillips and Williams Network",493
Payne PLC Network,403
"Smith, Klein and Jones Studios",427
Myers Ltd Studios,442
Hebert Group Network,441
Mccann-Castro Network,375
Dixon PLC Hub,250
"Marshall, Casey and Foster Studios",387
"Walker, Mcdonald and Meza Labs",253
Obrien Inc Hub,446
Booker and Sons Labs,131
Smith LLC Network,167
Torres-Flynn Network,218
Alexander-Nguyen Labs,201
Bowen-Morgan Studios,182
Hall-Trevino Hub,301
"Bowman, Wright and Huff Hub",492
Page LLC Studios,205
Jones-Powell Labs,92
Fields PLC Network,147
Martinez-Nichols Studios,271
"Carson, Crawford and Prince Studios",142
Quinn LLC Hub,130
"Clark, Gaines and Ray Studios",179
Vargas-Thomas Network,487
Taylor-Joseph Studios,228
Robbins Ltd Labs,354
"Jennings, Davis and Perry Studios",93
Curry-White Hub,267
Lopez PLC Labs,240
Kennedy-Dyer Network,146
Hammond Inc Labs,367
Wood LLC Studios,56
Moore-Benjamin Network,428
"Jackson, Landry and Gibson Hub",269
"Raymond, Gomez and Ward Studios",228
Aguirre Ltd Hub,386
Allen PLC Network,253
Bradshaw Inc Labs,223
Thompson PLC Labs,180
Novak-Chen Hub,351
Guerra-Padilla Network,201
Wilkins LLC Hub,438
Mercer-Scott Hub,266
Garcia-Brown Studios,409
Burns Ltd Labs,373
"Griffith, George and Miller Network",89
Martinez Group Network,457
Allison-Acosta Labs,204
"Shah, Cardenas and Roberts Studios",118
"Robertson, Miller and Stone Network",321
"Griffin, Soto and Kelly Network",499
"Myers, Lewis and Lewis Hub",325
Kim and Sons Labs,125
"Lee, Smith and Randall Network",417
Gould-Harrison Hub,389
"Small, Long and Pope Studios",479
Bishop-Hoffman Network,379
Parker PLC Studios,303
Mccarthy LLC Studios,396
"Lopez, Smith and Dawson Studios",462
"Bell, Horne and Mooney Network",113
Williamson-Spencer Studios,263
Ortiz Ltd Network,233
Brewer-Rose Studios,225
Miller-Wells Hub,135
Lee-Kelley Studios,368
"Figueroa, Walker and Morgan Network",88
"Bell, Marshall and Gutierrez Hub",325
Davis Ltd Hub,226
Shaw-Johnson Hub,444
Ballard-King Labs,85
Sanchez-Dixon Hub,490
"Mercado, Miller and Owens Network",335
Murphy-Young Network,467
Meza-Martin Studios,78
Brown-Dunlap Network,206
Smith-Walker Network,454
"Miles, Chandler and Franklin Hub",247
Williams and Sons Labs,69
"Macdonald, Wood and Rodriguez Network",408
"Moon, Miller and Robinson Labs",498
Zimmerman-Adkins Network,488
Arellano and Sons Hub,460
Fritz-Strickland Network,490
Matthews Group Studios,388
Sanders LLC Network,403
"Allen, Holmes and Jordan Hub",235
"Wilson, Cox and Fitzpatrick Labs",164
Woods-Gomez Hub,418
Banks-Nelson Network,183
"Fuller, Williams and Lin Hub",259
"Carney, Key and Bailey Labs",405
Davis-Buchanan Labs,400
"Moore, George and Garrison Network",305
Ramirez-Miller Hub,343
Kennedy-Perry Network,390
Horton-Hunt Labs,478
"Walton, Reeves and Church Network",205
Hale-Nguyen Network,217
Ibarra Group Network,289
Harper Group Labs,71
"Phillips, Mason and Galvan Hub",254
Chapman-Perez Network,477
Beck and Sons Studios,99
Strong LLC Studios,305
Powell-Strickland Hub,386
"Snyder, Moody and Dickson Network",126
"Green, Lewis and Johnston Labs",265
Johnson-Rosales Network,417
Ingram-Clark Labs,374
Knight and Sons Labs,193
Cole-Sharp Labs,231
"Sherman, Mcgee and Phillips Studios",273
Baker-Hill Hub,261
"Francis, Davis and Jones Network",126
"Whitaker, Horn and Escobar Labs",231
Flores-Daniel Studios,106
Spencer and Sons Studios,130
Obrien-Roberts Studios,179
King Ltd Hub,182
Henry Ltd Studios,92
